{"name":"Katakana","studyingFlashcards":[{"question":"ア","answer":"a","isRevealed":false,"imagePath":null,"audioPath":null},{"question":"カ","answer":"ka","isRevealed":false,"imagePath":null,"audioPath":null},{"question":"サ","answer":"sa","isRevealed":false,"imagePath":null,"audioPath":null},{"question":"タ","answer":"ta","isRevealed":false,"imagePath":null,"audioPath":null},{"question":"ナ","answer":"na","isRevealed":false,"imagePath":null,"audioPath":null},{"question":"ハ","answer":"ha","isRevealed":false,"imagePath":null,"audioPath":null},{"question":"マ","answer":"ma","isRevealed":false,"imagePath":null,"audioPath":null},{"question":"ヤ","answer":"ya","isRevealed":false,"imagePath":null,"audioPath":null},{"question":"ラ","answer":"ra","isRevealed":false,"imagePath":null,"audioPath":null},{"question":"ワ","answer":"wa","isRevealed":false,"imagePath":null,"audioPath":null},{"question":"ガ","answer":"ga","isRevealed":false,"imagePath":null,"audioPath":null},{"question":"ザ","answer":"za","isRevealed":false,"imagePath":null,"audioPath":null},{"question":"ダ","answer":"da","isRevealed":false,"imagePath":null,"audioPath":null},{"question":"バ","answer":"ba","isRevealed":false,"imagePath":null,"audioPath":null},{"question":"パ","answer":"pa","isRevealed":false,"imagePath":null,"audioPath":null},{"question":"イ","answer":"i","isRevealed":false,"imagePath":null,"audioPath":null},{"question":"キ","answer":"ki","isRevealed":false,"imagePath":null,"audioPath":null},{"question":"シ","answer":"shi","isRevealed":false,"imagePath":null,"audioPath":null},{"question":"チ","answer":"chi","isRevealed":false,"imagePath":null,"audioPath":null},{"question":"ニ","answer":"ni","isRevealed":false,"imagePath":null,"audioPath":null},{"question":"ヒ","answer":"hi","isRevealed":false,"imagePath":null,"audioPath":null},{"question":"ミ","answer":"mi","isRevealed":false,"imagePath":null,"audioPath":null},{"question":"リ","answer":"ri","isRevealed":false,"imagePath":null,"audioPath":null},{"question":"ギ","answer":"gi","isRevealed":false,"imagePath":null,"audioPath":null},{"question":"ジ","answer":"ji","isRevealed":false,"imagePath":null,"audioPath":null},{"question":"ヂ","answer":"dji","isRevealed":false,"imagePath":null,"audioPath":null},{"question":"ビ","answer":"bi","isRevealed":false,"imagePath":null,"audioPath":null},{"question":"ピ","answer":"pi","isRevealed":false,"imagePath":null,"audioPath":null},{"question":"ャ","answer":"ya","isRevealed":false,"imagePath":null,"audioPath":null},{"question":"キャ","answer":"kya","isRevealed":false,"imagePath":null,"audioPath":null},{"question":"シャ","answer":"sha","isRevealed":false,"imagePath":null,"audioPath":null},{"question":"チャ","answer":"cha","isRevealed":false,"imagePath":null,"audioPath":null},{"question":"ニャ","answer":"nya","isRevealed":false,"imagePath":null,"audioPath":null},{"question":"ヒャ","answer":"hya","isRevealed":false,"imagePath":null,"audioPath":null},{"question":"ミャ","answer":"mya","isRevealed":false,"imagePath":null,"audioPath":null},{"question":"リャ","answer":"rya","isRevealed":false,"imagePath":null,"audioPath":null},{"question":"ギャ","answer":"gya","isRevealed":false,"imagePath":null,"audioPath":null},{"question":"ジャ","answer":"ja","isRevealed":false,"imagePath":null,"audioPath":null},{"question":"ヂャ","answer":"dja","isRevealed":false,"imagePath":null,"audioPath":null},{"question":"ビャ","answer":"bya","isRevealed":false,"imagePath":null,"audioPath":null},{"question":"ピャ","answer":"pya","isRevealed":false,"imagePath":null,"audioPath":null},{"question":"ウ","answer":"u","isRevealed":false,"imagePath":null,"audioPath":null},{"question":"ク","answer":"ku","isRevealed":false,"imagePath":null,"audioPath":null},{"question":"ス","answer":"su","isRevealed":false,"imagePath":null,"audioPath":null},{"question":"ツ","answer":"tsu","isRevealed":false,"imagePath":null,"audioPath":null},{"question":"ヌ","answer":"nu","isRevealed":false,"imagePath":null,"audioPath":null},{"question":"フ","answer":"fu","isRevealed":false,"imagePath":null,"audioPath":null},{"question":"ム","answer":"mu","isRevealed":false,"imagePath":null,"audioPath":null},{"question":"ユ","answer":"yu","isRevealed":false,"imagePath":null,"audioPath":null},{"question":"ル","answer":"ru","isRevealed":false,"imagePath":null,"audioPath":null},{"question":"グ","answer":"gu","isRevealed":false,"imagePath":null,"audioPath":null},{"question":"ズ","answer":"zu","isRevealed":false,"imagePath":null,"audioPath":null},{"question":"ヅ","answer":"dzu","isRevealed":false,"imagePath":null,"audioPath":null},{"question":"ブ","answer":"bu","isRevealed":false,"imagePath":null,"audioPath":null},{"question":"プ","answer":"pu","isRevealed":false,"imagePath":null,"audioPath":null},{"question":"ュ","answer":"yu","isRevealed":false,"imagePath":null,"audioPath":null},{"question":"キュ","answer":"kyu","isRevealed":false,"imagePath":null,"audioPath":null},{"question":"シュ","answer":"shu","isRevealed":false,"imagePath":null,"audioPath":null},{"question":"チュ","answer":"chu","isRevealed":false,"imagePath":null,"audioPath":null},{"question":"ニュ","answer":"nyu","isRevealed":false,"imagePath":null,"audioPath":null},{"question":"ヒュ","answer":"hyu","isRevealed":false,"imagePath":null,"audioPath":null},{"question":"ミュ","answer":"myu","isRevealed":false,"imagePath":null,"audioPath":null},{"question":"リュ","answer":"ryu","isRevealed":false,"imagePath":null,"audioPath":null},{"question":"ギュ","answer":"gyu","isRevealed":false,"imagePath":null,"audioPath":null},{"question":"ジュ","answer":"ju","isRevealed":false,"imagePath":null,"audioPath":null},{"question":"ヂュ","answer":"dju","isRevealed":false,"imagePath":null,"audioPath":null},{"question":"ビュ","answer":"byu","isRevealed":false,"imagePath":null,"audioPath":null},{"question":"ピュ","answer":"pyu","isRevealed":false,"imagePath":null,"audioPath":null},{"question":"エ","answer":"e","isRevealed":false,"imagePath":null,"audioPath":null},{"question":"ケ","answer":"ke","isRevealed":false,"imagePath":null,"audioPath":null},{"question":"セ","answer":"se","isRevealed":false,"imagePath":null,"audioPath":null},{"question":"テ","answer":"te","isRevealed":false,"imagePath":null,"audioPath":null},{"question":"ネ","answer":"ne","isRevealed":false,"imagePath":null,"audioPath":null},{"question":"ヘ","answer":"he","isRevealed":false,"imagePath":null,"audioPath":null},{"question":"メ","answer":"me","isRevealed":false,"imagePath":null,"audioPath":null},{"question":"レ","answer":"re","isRevealed":false,"imagePath":null,"audioPath":null},{"question":"ゲ","answer":"ge","isRevealed":false,"imagePath":null,"audioPath":null},{"question":"ゼ","answer":"ze","isRevealed":false,"imagePath":null,"audioPath":null},{"question":"デ","answer":"de","isRevealed":false,"imagePath":null,"audioPath":null},{"question":"ベ","answer":"be","isRevealed":false,"imagePath":null,"audioPath":null},{"question":"ペ","answer":"pe","isRevealed":false,"imagePath":null,"audioPath":null},{"question":"ョ","answer":"yo","isRevealed":false,"imagePath":null,"audioPath":null},{"question":"キョ","answer":"kyo","isRevealed":false,"imagePath":null,"audioPath":null},{"question":"ショ","answer":"sho","isRevealed":false,"imagePath":null,"audioPath":null},{"question":"チョ","answer":"cho","isRevealed":false,"imagePath":null,"audioPath":null},{"question":"ニョ","answer":"nyo","isRevealed":false,"imagePath":null,"audioPath":null},{"question":"ヒョ","answer":"hyo","isRevealed":false,"imagePath":null,"audioPath":null},{"question":"ミョ","answer":"myo","isRevealed":false,"imagePath":null,"audioPath":null},{"question":"リョ","answer":"ryo","isRevealed":false,"imagePath":null,"audioPath":null},{"question":"ギョ","answer":"gyo","isRevealed":false,"imagePath":null,"audioPath":null},{"question":"ジョ","answer":"jo","isRevealed":false,"imagePath":null,"audioPath":null},{"question":"ヂョ","answer":"djo","isRevealed":false,"imagePath":null,"audioPath":null},{"question":"ビョ","answer":"byo","isRevealed":false,"imagePath":null,"audioPath":null},{"question":"ピョ","answer":"pyo","isRevealed":false,"imagePath":null,"audioPath":null},{"question":"オ","answer":"o","isRevealed":false,"imagePath":null,"audioPath":null},{"question":"コ","answer":"ko","isRevealed":false,"imagePath":null,"audioPath":null},{"question":"ソ","answer":"so","isRevealed":false,"imagePath":null,"audioPath":null},{"question":"ト","answer":"to","isRevealed":false,"imagePath":null,"audioPath":null},{"question":"ノ","answer":"no","isRevealed":false,"imagePath":null,"audioPath":null},{"question":"ホ","answer":"ho","isRevealed":false,"imagePath":null,"audioPath":null},{"question":"モ","answer":"mo","isRevealed":false,"imagePath":null,"audioPath":null},{"question":"ヨ","answer":"yo","isRevealed":false,"imagePath":null,"audioPath":null},{"question":"ロ","answer":"ro","isRevealed":false,"imagePath":null,"audioPath":null},{"question":"ヲ","answer":"wo","isRevealed":false,"imagePath":null,"audioPath":null},{"question":"ン","answer":"n","isRevealed":false,"imagePath":null,"audioPath":null},{"question":"ゴ","answer":"go","isRevealed":false,"imagePath":null,"audioPath":null},{"question":"ゾ","answer":"zo","isRevealed":false,"imagePath":null,"audioPath":null},{"question":"ド","answer":"do","isRevealed":false,"imagePath":null,"audioPath":null},{"question":"ボ","answer":"bo","isRevealed":false,"imagePath":null,"audioPath":null},{"question":"ポ","answer":"po","isRevealed":false,"imagePath":null,"audioPath":null},{"question":"a","answer":"ア","isRevealed":false,"imagePath":null,"audioPath":null},{"question":"ka","answer":"カ","isRevealed":false,"imagePath":null,"audioPath":null},{"question":"sa","answer":"サ","isRevealed":false,"imagePath":null,"audioPath":null},{"question":"ta","answer":"タ","isRevealed":false,"imagePath":null,"audioPath":null},{"question":"na","answer":"ナ","isRevealed":false,"imagePath":null,"audioPath":null},{"question":"ha","answer":"ハ","isRevealed":false,"imagePath":null,"audioPath":null},{"question":"ma","answer":"マ","isRevealed":false,"imagePath":null,"audioPath":null},{"question":"ya","answer":"ヤ","isRevealed":false,"imagePath":null,"audioPath":null},{"question":"ra","answer":"ラ","isRevealed":false,"imagePath":null,"audioPath":null},{"question":"wa","answer":"ワ","isRevealed":false,"imagePath":null,"audioPath":null},{"question":"ga","answer":"ガ","isRevealed":false,"imagePath":null,"audioPath":null},{"question":"za","answer":"ザ","isRevealed":false,"imagePath":null,"audioPath":null},{"question":"da","answer":"ダ","isRevealed":false,"imagePath":null,"audioPath":null},{"question":"ba","answer":"バ","isRevealed":false,"imagePath":null,"audioPath":null},{"question":"pa","answer":"パ","isRevealed":false,"imagePath":null,"audioPath":null},{"question":"i","answer":"イ","isRevealed":false,"imagePath":null,"audioPath":null},{"question":"ki","answer":"キ","isRevealed":false,"imagePath":null,"audioPath":null},{"question":"shi","answer":"シ","isRevealed":false,"imagePath":null,"audioPath":null},{"question":"chi","answer":"チ","isRevealed":false,"imagePath":null,"audioPath":null},{"question":"ni","answer":"ニ","isRevealed":false,"imagePath":null,"audioPath":null},{"question":"hi","answer":"ヒ","isRevealed":false,"imagePath":null,"audioPath":null},{"question":"mi","answer":"ミ","isRevealed":false,"imagePath":null,"audioPath":null},{"question":"ri","answer":"リ","isRevealed":false,"imagePath":null,"audioPath":null},{"question":"gi","answer":"ギ","isRevealed":false,"imagePath":null,"audioPath":null},{"question":"ji","answer":"ジ","isRevealed":false,"imagePath":null,"audioPath":null},{"question":"dji","answer":"ヂ","isRevealed":false,"imagePath":null,"audioPath":null},{"question":"bi","answer":"ビ","isRevealed":false,"imagePath":null,"audioPath":null},{"question":"pi","answer":"ピ","isRevealed":false,"imagePath":null,"audioPath":null},{"question":"ya","answer":"ャ","isRevealed":false,"imagePath":null,"audioPath":null},{"question":"kya","answer":"キャ","isRevealed":false,"imagePath":null,"audioPath":null},{"question":"sha","answer":"シャ","isRevealed":false,"imagePath":null,"audioPath":null},{"question":"cha","answer":"チャ","isRevealed":false,"imagePath":null,"audioPath":null},{"question":"nya","answer":"ニャ","isRevealed":false,"imagePath":null,"audioPath":null},{"question":"hya","answer":"ヒャ","isRevealed":false,"imagePath":null,"audioPath":null},{"question":"mya","answer":"ミャ","isRevealed":false,"imagePath":null,"audioPath":null},{"question":"rya","answer":"リャ","isRevealed":false,"imagePath":null,"audioPath":null},{"question":"gya","answer":"ギャ","isRevealed":false,"imagePath":null,"audioPath":null},{"question":"ja","answer":"ジャ","isRevealed":false,"imagePath":null,"audioPath":null},{"question":"dja","answer":"ヂャ","isRevealed":false,"imagePath":null,"audioPath":null},{"question":"bya","answer":"ビャ","isRevealed":false,"imagePath":null,"audioPath":null},{"question":"pya","answer":"ピャ","isRevealed":false,"imagePath":null,"audioPath":null},{"question":"u","answer":"ウ","isRevealed":false,"imagePath":null,"audioPath":null},{"question":"ku","answer":"ク","isRevealed":false,"imagePath":null,"audioPath":null},{"question":"su","answer":"ス","isRevealed":false,"imagePath":null,"audioPath":null},{"question":"tsu","answer":"ツ","isRevealed":false,"imagePath":null,"audioPath":null},{"question":"nu","answer":"ヌ","isRevealed":false,"imagePath":null,"audioPath":null},{"question":"fu","answer":"フ","isRevealed":false,"imagePath":null,"audioPath":null},{"question":"mu","answer":"ム","isRevealed":false,"imagePath":null,"audioPath":null},{"question":"yu","answer":"ユ","isRevealed":false,"imagePath":null,"audioPath":null},{"question":"ru","answer":"ル","isRevealed":false,"imagePath":null,"audioPath":null},{"question":"gu","answer":"グ","isRevealed":false,"imagePath":null,"audioPath":null},{"question":"zu","answer":"ズ","isRevealed":false,"imagePath":null,"audioPath":null},{"question":"dzu","answer":"ヅ","isRevealed":false,"imagePath":null,"audioPath":null},{"question":"bu","answer":"ブ","isRevealed":false,"imagePath":null,"audioPath":null},{"question":"pu","answer":"プ","isRevealed":false,"imagePath":null,"audioPath":null},{"question":"yu","answer":"ュ","isRevealed":false,"imagePath":null,"audioPath":null},{"question":"kyu","answer":"キュ","isRevealed":false,"imagePath":null,"audioPath":null},{"question":"shu","answer":"シュ","isRevealed":false,"imagePath":null,"audioPath":null},{"question":"chu","answer":"チュ","isRevealed":false,"imagePath":null,"audioPath":null},{"question":"nyu","answer":"ニュ","isRevealed":false,"imagePath":null,"audioPath":null},{"question":"hyu","answer":"ヒュ","isRevealed":false,"imagePath":null,"audioPath":null},{"question":"myu","answer":"ミュ","isRevealed":false,"imagePath":null,"audioPath":null},{"question":"ryu","answer":"リュ","isRevealed":false,"imagePath":null,"audioPath":null},{"question":"gyu","answer":"ギュ","isRevealed":false,"imagePath":null,"audioPath":null},{"question":"ju","answer":"ジュ","isRevealed":false,"imagePath":null,"audioPath":null},{"question":"dju","answer":"ヂュ","isRevealed":false,"imagePath":null,"audioPath":null},{"question":"byu","answer":"ビュ","isRevealed":false,"imagePath":null,"audioPath":null},{"question":"pyu","answer":"ピュ","isRevealed":false,"imagePath":null,"audioPath":null},{"question":"e","answer":"エ","isRevealed":false,"imagePath":null,"audioPath":null},{"question":"ke","answer":"ケ","isRevealed":false,"imagePath":null,"audioPath":null},{"question":"se","answer":"セ","isRevealed":false,"imagePath":null,"audioPath":null},{"question":"te","answer":"テ","isRevealed":false,"imagePath":null,"audioPath":null},{"question":"ne","answer":"ネ","isRevealed":false,"imagePath":null,"audioPath":null},{"question":"he","answer":"ヘ","isRevealed":false,"imagePath":null,"audioPath":null},{"question":"me","answer":"メ","isRevealed":false,"imagePath":null,"audioPath":null},{"question":"re","answer":"レ","isRevealed":false,"imagePath":null,"audioPath":null},{"question":"ge","answer":"ゲ","isRevealed":false,"imagePath":null,"audioPath":null},{"question":"ze","answer":"ゼ","isRevealed":false,"imagePath":null,"audioPath":null},{"question":"de","answer":"デ","isRevealed":false,"imagePath":null,"audioPath":null},{"question":"be","answer":"ベ","isRevealed":false,"imagePath":null,"audioPath":null},{"question":"pe","answer":"ペ","isRevealed":false,"imagePath":null,"audioPath":null},{"question":"yo","answer":"ョ","isRevealed":false,"imagePath":null,"audioPath":null},{"question":"kyo","answer":"キョ","isRevealed":false,"imagePath":null,"audioPath":null},{"question":"sho","answer":"ショ","isRevealed":false,"imagePath":null,"audioPath":null},{"question":"cho","answer":"チョ","isRevealed":false,"imagePath":null,"audioPath":null},{"question":"nyo","answer":"ニョ","isRevealed":false,"imagePath":null,"audioPath":null},{"question":"hyo","answer":"ヒョ","isRevealed":false,"imagePath":null,"audioPath":null},{"question":"myo","answer":"ミョ","isRevealed":false,"imagePath":null,"audioPath":null},{"question":"ryo","answer":"リョ","isRevealed":false,"imagePath":null,"audioPath":null},{"question":"gyo","answer":"ギョ","isRevealed":false,"imagePath":null,"audioPath":null},{"question":"jo","answer":"ジョ","isRevealed":false,"imagePath":null,"audioPath":null},{"question":"djo","answer":"ヂョ","isRevealed":false,"imagePath":null,"audioPath":null},{"question":"byo","answer":"ビョ","isRevealed":false,"imagePath":null,"audioPath":null},{"question":"pyo","answer":"ピョ","isRevealed":false,"imagePath":null,"audioPath":null},{"question":"o","answer":"オ","isRevealed":false,"imagePath":null,"audioPath":null},{"question":"ko","answer":"コ","isRevealed":false,"imagePath":null,"audioPath":null},{"question":"so","answer":"ソ","isRevealed":false,"imagePath":null,"audioPath":null},{"question":"to","answer":"ト","isRevealed":false,"imagePath":null,"audioPath":null},{"question":"no","answer":"ノ","isRevealed":false,"imagePath":null,"audioPath":null},{"question":"ho","answer":"ホ","isRevealed":false,"imagePath":null,"audioPath":null},{"question":"mo","answer":"モ","isRevealed":false,"imagePath":null,"audioPath":null},{"question":"yo","answer":"ヨ","isRevealed":false,"imagePath":null,"audioPath":null},{"question":"ro","answer":"ロ","isRevealed":false,"imagePath":null,"audioPath":null},{"question":"wo","answer":"ヲ","isRevealed":false,"imagePath":null,"audioPath":null},{"question":"n","answer":"ン","isRevealed":false,"imagePath":null,"audioPath":null},{"question":"go","answer":"ゴ","isRevealed":false,"imagePath":null,"audioPath":null},{"question":"zo","answer":"ゾ","isRevealed":false,"imagePath":null,"audioPath":null},{"question":"do","answer":"ド","isRevealed":false,"imagePath":null,"audioPath":null},{"question":"bo","answer":"ボ","isRevealed":false,"imagePath":null,"audioPath":null},{"question":"po","answer":"ポ","isRevealed":false,"imagePath":null,"audioPath":null}],"knownFlashcards":[],"unknownFlashcards":[]}