{"name":"Inglés vocabulario B1","studyingFlashcards":[{"question":"Absolutely","answer":"Totalmente","isRevealed":false,"imagePath":null,"audioPath":null},{"question":"Actually","answer":"En realidad","isRevealed":false,"imagePath":null,"audioPath":null},{"question":"Adventure","answer":"Aventura","isRevealed":false,"imagePath":null,"audioPath":null},{"question":"Aim","answer":"Objetivo / Meta","isRevealed":false,"imagePath":null,"audioPath":null},{"question":"Allow","answer":"Permitir","isRevealed":false,"imagePath":null,"audioPath":null},{"question":"Annoy","answer":"Molestar","isRevealed":false,"imagePath":null,"audioPath":null},{"question":"Apologise","answer":"Disculparse","isRevealed":false,"imagePath":null,"audioPath":null},{"question":"Appear","answer":"Aparecer","isRevealed":false,"imagePath":null,"audioPath":null},{"question":"Apply","answer":"Aplicar / Solicitar","isRevealed":false,"imagePath":null,"audioPath":null},{"question":"Appreciate","answer":"Apreciar / Valorar","isRevealed":false,"imagePath":null,"audioPath":null},{"question":"Arrange","answer":"Organizar","isRevealed":false,"imagePath":null,"audioPath":null},{"question":"Attitude","answer":"Actitud","isRevealed":false,"imagePath":null,"audioPath":null},{"question":"Avoid","answer":"Evitar","isRevealed":false,"imagePath":null,"audioPath":null},{"question":"Aware","answer":"Consciente","isRevealed":false,"imagePath":null,"audioPath":null},{"question":"Bake","answer":"Hornear","isRevealed":false,"imagePath":null,"audioPath":null},{"question":"Balance","answer":"Equilibrio","isRevealed":false,"imagePath":null,"audioPath":null},{"question":"Behave","answer":"Comportarse","isRevealed":false,"imagePath":null,"audioPath":null},{"question":"Belief","answer":"Creencia","isRevealed":false,"imagePath":null,"audioPath":null},{"question":"Bend","answer":"Doblar","isRevealed":false,"imagePath":null,"audioPath":null},{"question":"Bite","answer":"Morder","isRevealed":false,"imagePath":null,"audioPath":null},{"question":"Blame","answer":"Culpar","isRevealed":false,"imagePath":null,"audioPath":null},{"question":"Breathe","answer":"Respirar","isRevealed":false,"imagePath":null,"audioPath":null},{"question":"Brilliant","answer":"Brillante","isRevealed":false,"imagePath":null,"audioPath":null},{"question":"Bump","answer":"Chocar / Golpear","isRevealed":false,"imagePath":null,"audioPath":null},{"question":"Calm","answer":"Tranquilo","isRevealed":false,"imagePath":null,"audioPath":null},{"question":"Cause","answer":"Causa / Provocar","isRevealed":false,"imagePath":null,"audioPath":null},{"question":"Challenge","answer":"Desafío","isRevealed":false,"imagePath":null,"audioPath":null},{"question":"Charge","answer":"Cobrar / Cargar","isRevealed":false,"imagePath":null,"audioPath":null},{"question":"Cheer","answer":"Animar","isRevealed":false,"imagePath":null,"audioPath":null},{"question":"Claim","answer":"Afirmar / Reclamar","isRevealed":false,"imagePath":null,"audioPath":null},{"question":"Collect","answer":"Coleccionar / Recoger","isRevealed":false,"imagePath":null,"audioPath":null},{"question":"Compare","answer":"Comparar","isRevealed":false,"imagePath":null,"audioPath":null},{"question":"Complain","answer":"Quejarse","isRevealed":false,"imagePath":null,"audioPath":null},{"question":"Concern","answer":"Preocupación","isRevealed":false,"imagePath":null,"audioPath":null},{"question":"Confuse","answer":"Confundir","isRevealed":false,"imagePath":null,"audioPath":null},{"question":"Connect","answer":"Conectar","isRevealed":false,"imagePath":null,"audioPath":null},{"question":"Consider","answer":"Considerar","isRevealed":false,"imagePath":null,"audioPath":null},{"question":"Contain","answer":"Contener","isRevealed":false,"imagePath":null,"audioPath":null},{"question":"Continue","answer":"Continuar","isRevealed":false,"imagePath":null,"audioPath":null},{"question":"Control","answer":"Controlar","isRevealed":false,"imagePath":null,"audioPath":null},{"question":"Convince","answer":"Convencer","isRevealed":false,"imagePath":null,"audioPath":null},{"question":"Costume","answer":"Disfraz","isRevealed":false,"imagePath":null,"audioPath":null},{"question":"Create","answer":"Crear","isRevealed":false,"imagePath":null,"audioPath":null},{"question":"Crime","answer":"Crimen","isRevealed":false,"imagePath":null,"audioPath":null},{"question":"Crowd","answer":"Multitud","isRevealed":false,"imagePath":null,"audioPath":null},{"question":"Curious","answer":"Curioso","isRevealed":false,"imagePath":null,"audioPath":null},{"question":"Curve","answer":"Curva","isRevealed":false,"imagePath":null,"audioPath":null},{"question":"Damage","answer":"Dañar / Daño","isRevealed":false,"imagePath":null,"audioPath":null},{"question":"Dare","answer":"Atreverse","isRevealed":false,"imagePath":null,"audioPath":null},{"question":"Decide","answer":"Decidir","isRevealed":false,"imagePath":null,"audioPath":null},{"question":"Deal","answer":"Trato / Oferta","isRevealed":false,"imagePath":null,"audioPath":null},{"question":"Definitely","answer":"Definitivamente","isRevealed":false,"imagePath":null,"audioPath":null},{"question":"Deliver","answer":"Entregar","isRevealed":false,"imagePath":null,"audioPath":null},{"question":"Demand","answer":"Exigir","isRevealed":false,"imagePath":null,"audioPath":null},{"question":"Depend","answer":"Depender","isRevealed":false,"imagePath":null,"audioPath":null},{"question":"Describe","answer":"Describir","isRevealed":false,"imagePath":null,"audioPath":null},{"question":"Deserve","answer":"Merecer","isRevealed":false,"imagePath":null,"audioPath":null},{"question":"Design","answer":"Diseñar / Diseño","isRevealed":false,"imagePath":null,"audioPath":null},{"question":"Destroy","answer":"Destruir","isRevealed":false,"imagePath":null,"audioPath":null},{"question":"Determine","answer":"Determinar","isRevealed":false,"imagePath":null,"audioPath":null},{"question":"Develop","answer":"Desarrollar","isRevealed":false,"imagePath":null,"audioPath":null},{"question":"Disappear","answer":"Desaparecer","isRevealed":false,"imagePath":null,"audioPath":null},{"question":"Discover","answer":"Descubrir","isRevealed":false,"imagePath":null,"audioPath":null},{"question":"Discuss","answer":"Discutir","isRevealed":false,"imagePath":null,"audioPath":null},{"question":"Disease","answer":"Enfermedad","isRevealed":false,"imagePath":null,"audioPath":null},{"question":"Distance","answer":"Distancia","isRevealed":false,"imagePath":null,"audioPath":null},{"question":"Doubt","answer":"Duda","isRevealed":false,"imagePath":null,"audioPath":null},{"question":"Effect","answer":"Efecto","isRevealed":false,"imagePath":null,"audioPath":null},{"question":"Effort","answer":"Esfuerzo","isRevealed":false,"imagePath":null,"audioPath":null},{"question":"Encourage","answer":"Animar","isRevealed":false,"imagePath":null,"audioPath":null},{"question":"Enemy","answer":"Enemigo","isRevealed":false,"imagePath":null,"audioPath":null},{"question":"Energy","answer":"Energía","isRevealed":false,"imagePath":null,"audioPath":null},{"question":"Engage","answer":"Comprometerse","isRevealed":false,"imagePath":null,"audioPath":null},{"question":"Enjoy","answer":"Disfrutar","isRevealed":false,"imagePath":null,"audioPath":null},{"question":"Enough","answer":"Bastante","isRevealed":false,"imagePath":null,"audioPath":null},{"question":"Entire","answer":"Entero","isRevealed":false,"imagePath":null,"audioPath":null},{"question":"Environment","answer":"Medio ambiente","isRevealed":false,"imagePath":null,"audioPath":null},{"question":"Especially","answer":"Especialmente","isRevealed":false,"imagePath":null,"audioPath":null},{"question":"Event","answer":"Evento","isRevealed":false,"imagePath":null,"audioPath":null},{"question":"Exactly","answer":"Exactamente","isRevealed":false,"imagePath":null,"audioPath":null},{"question":"Except","answer":"Excepto","isRevealed":false,"imagePath":null,"audioPath":null},{"question":"Exchange","answer":"Intercambiar","isRevealed":false,"imagePath":null,"audioPath":null},{"question":"Excuse","answer":"Excusa","isRevealed":false,"imagePath":null,"audioPath":null},{"question":"Expect","answer":"Esperar","isRevealed":false,"imagePath":null,"audioPath":null},{"question":"Experience","answer":"Experiencia","isRevealed":false,"imagePath":null,"audioPath":null},{"question":"Explain","answer":"Explicar","isRevealed":false,"imagePath":null,"audioPath":null},{"question":"Express","answer":"Expresar","isRevealed":false,"imagePath":null,"audioPath":null},{"question":"Extremely","answer":"Extremadamente","isRevealed":false,"imagePath":null,"audioPath":null},{"question":"Fair","answer":"Justo","isRevealed":false,"imagePath":null,"audioPath":null},{"question":"Familiar","answer":"Familiar","isRevealed":false,"imagePath":null,"audioPath":null},{"question":"Fear","answer":"Miedo","isRevealed":false,"imagePath":null,"audioPath":null},{"question":"Feature","answer":"Característica","isRevealed":false,"imagePath":null,"audioPath":null},{"question":"Feed","answer":"Alimentar","isRevealed":false,"imagePath":null,"audioPath":null},{"question":"Feel","answer":"Sentir","isRevealed":false,"imagePath":null,"audioPath":null},{"question":"Fight","answer":"Pelear","isRevealed":false,"imagePath":null,"audioPath":null},{"question":"Figure","answer":"Figura","isRevealed":false,"imagePath":null,"audioPath":null},{"question":"Fill","answer":"Llenar","isRevealed":false,"imagePath":null,"audioPath":null},{"question":"Final","answer":"Final","isRevealed":false,"imagePath":null,"audioPath":null},{"question":"Fix","answer":"Arreglar","isRevealed":false,"imagePath":null,"audioPath":null},{"question":"Flood","answer":"Inundación","isRevealed":false,"imagePath":null,"audioPath":null},{"question":"Flow","answer":"Fluir","isRevealed":false,"imagePath":null,"audioPath":null},{"question":"Focus","answer":"Enfocar","isRevealed":false,"imagePath":null,"audioPath":null},{"question":"Follow","answer":"Seguir","isRevealed":false,"imagePath":null,"audioPath":null},{"question":"Force","answer":"Fuerza / Forzar","isRevealed":false,"imagePath":null,"audioPath":null},{"question":"Forget","answer":"Olvidar","isRevealed":false,"imagePath":null,"audioPath":null},{"question":"Forgive","answer":"Perdonar","isRevealed":false,"imagePath":null,"audioPath":null},{"question":"Form","answer":"Formar","isRevealed":false,"imagePath":null,"audioPath":null},{"question":"Forward","answer":"Adelante","isRevealed":false,"imagePath":null,"audioPath":null},{"question":"Frequent","answer":"Frecuente","isRevealed":false,"imagePath":null,"audioPath":null},{"question":"Frighten","answer":"Asustar","isRevealed":false,"imagePath":null,"audioPath":null},{"question":"Function","answer":"Función","isRevealed":false,"imagePath":null,"audioPath":null},{"question":"Further","answer":"Más lejos","isRevealed":false,"imagePath":null,"audioPath":null},{"question":"Future","answer":"Futuro","isRevealed":false,"imagePath":null,"audioPath":null},{"question":"Gather","answer":"Reunir","isRevealed":false,"imagePath":null,"audioPath":null},{"question":"General","answer":"General","isRevealed":false,"imagePath":null,"audioPath":null},{"question":"Generation","answer":"Generación","isRevealed":false,"imagePath":null,"audioPath":null},{"question":"Gesture","answer":"Gesto","isRevealed":false,"imagePath":null,"audioPath":null},{"question":"Gift","answer":"Regalo","isRevealed":false,"imagePath":null,"audioPath":null},{"question":"Glad","answer":"Contento","isRevealed":false,"imagePath":null,"audioPath":null},{"question":"Goal","answer":"Meta","isRevealed":false,"imagePath":null,"audioPath":null},{"question":"Gradual","answer":"Gradual","isRevealed":false,"imagePath":null,"audioPath":null},{"question":"Grateful","answer":"Agradecido","isRevealed":false,"imagePath":null,"audioPath":null},{"question":"Greedy","answer":"Codicioso","isRevealed":false,"imagePath":null,"audioPath":null},{"question":"Greet","answer":"Saludar","isRevealed":false,"imagePath":null,"audioPath":null},{"question":"Grow","answer":"Crecer","isRevealed":false,"imagePath":null,"audioPath":null},{"question":"Guard","answer":"Guardar","isRevealed":false,"imagePath":null,"audioPath":null},{"question":"Guess","answer":"Adivinar","isRevealed":false,"imagePath":null,"audioPath":null},{"question":"Guide","answer":"Guiar","isRevealed":false,"imagePath":null,"audioPath":null},{"question":"Habit","answer":"Hábito","isRevealed":false,"imagePath":null,"audioPath":null},{"question":"Happen","answer":"Suceder","isRevealed":false,"imagePath":null,"audioPath":null},{"question":"Hardly","answer":"Apenas","isRevealed":false,"imagePath":null,"audioPath":null},{"question":"Harm","answer":"Dañar","isRevealed":false,"imagePath":null,"audioPath":null},{"question":"Hate","answer":"Odiar","isRevealed":false,"imagePath":null,"audioPath":null},{"question":"Health","answer":"Salud","isRevealed":false,"imagePath":null,"audioPath":null},{"question":"Hear","answer":"Oír","isRevealed":false,"imagePath":null,"audioPath":null},{"question":"Heart","answer":"Corazón","isRevealed":false,"imagePath":null,"audioPath":null},{"question":"Heat","answer":"Calor","isRevealed":false,"imagePath":null,"audioPath":null},{"question":"Heavy","answer":"Pesado","isRevealed":false,"imagePath":null,"audioPath":null},{"question":"Height","answer":"Altura","isRevealed":false,"imagePath":null,"audioPath":null},{"question":"Help","answer":"Ayudar","isRevealed":false,"imagePath":null,"audioPath":null},{"question":"Hide","answer":"Esconder","isRevealed":false,"imagePath":null,"audioPath":null},{"question":"Highlight","answer":"Destacar","isRevealed":false,"imagePath":null,"audioPath":null},{"question":"Huge","answer":"Enorme","isRevealed":false,"imagePath":null,"audioPath":null},{"question":"Humor","answer":"Humor","isRevealed":false,"imagePath":null,"audioPath":null},{"question":"Hurt","answer":"Doler / Herir","isRevealed":false,"imagePath":null,"audioPath":null},{"question":"Idea","answer":"Idea","isRevealed":false,"imagePath":null,"audioPath":null},{"question":"Identify","answer":"Identificar","isRevealed":false,"imagePath":null,"audioPath":null},{"question":"Ignore","answer":"Ignorar","isRevealed":false,"imagePath":null,"audioPath":null},{"question":"Imagine","answer":"Imaginar","isRevealed":false,"imagePath":null,"audioPath":null},{"question":"Immediate","answer":"Inmediato","isRevealed":false,"imagePath":null,"audioPath":null},{"question":"Importance","answer":"Importancia","isRevealed":false,"imagePath":null,"audioPath":null},{"question":"Improve","answer":"Mejorar","isRevealed":false,"imagePath":null,"audioPath":null},{"question":"Include","answer":"Incluir","isRevealed":false,"imagePath":null,"audioPath":null},{"question":"Increase","answer":"Aumentar","isRevealed":false,"imagePath":null,"audioPath":null},{"question":"Indeed","answer":"De hecho","isRevealed":false,"imagePath":null,"audioPath":null},{"question":"Indicate","answer":"Indicar","isRevealed":false,"imagePath":null,"audioPath":null},{"question":"Influence","answer":"Influencia","isRevealed":false,"imagePath":null,"audioPath":null},{"question":"Inform","answer":"Informar","isRevealed":false,"imagePath":null,"audioPath":null},{"question":"Initial","answer":"Inicial","isRevealed":false,"imagePath":null,"audioPath":null},{"question":"Injure","answer":"Lesionar","isRevealed":false,"imagePath":null,"audioPath":null},{"question":"Innocent","answer":"Inocente","isRevealed":false,"imagePath":null,"audioPath":null},{"question":"Inside","answer":"Dentro","isRevealed":false,"imagePath":null,"audioPath":null},{"question":"Instead","answer":"En vez de","isRevealed":false,"imagePath":null,"audioPath":null},{"question":"Intend","answer":"Intentar","isRevealed":false,"imagePath":null,"audioPath":null},{"question":"Interest","answer":"Interés","isRevealed":false,"imagePath":null,"audioPath":null},{"question":"Introduce","answer":"Presentar","isRevealed":false,"imagePath":null,"audioPath":null},{"question":"Invent","answer":"Inventar","isRevealed":false,"imagePath":null,"audioPath":null},{"question":"Invest","answer":"Invertir","isRevealed":false,"imagePath":null,"audioPath":null},{"question":"Investigate","answer":"Investigar","isRevealed":false,"imagePath":null,"audioPath":null},{"question":"Invite","answer":"Invitar","isRevealed":false,"imagePath":null,"audioPath":null},{"question":"Involve","answer":"Involucrar","isRevealed":false,"imagePath":null,"audioPath":null},{"question":"Issue","answer":"Problema / Asunto","isRevealed":false,"imagePath":null,"audioPath":null},{"question":"Join","answer":"Unir","isRevealed":false,"imagePath":null,"audioPath":null},{"question":"Judge","answer":"Juzgar","isRevealed":false,"imagePath":null,"audioPath":null},{"question":"Jump","answer":"Saltar","isRevealed":false,"imagePath":null,"audioPath":null},{"question":"Keep","answer":"Mantener","isRevealed":false,"imagePath":null,"audioPath":null},{"question":"Kick","answer":"Patear","isRevealed":false,"imagePath":null,"audioPath":null},{"question":"Kill","answer":"Matar","isRevealed":false,"imagePath":null,"audioPath":null},{"question":"Kind","answer":"Tipo / Amable","isRevealed":false,"imagePath":null,"audioPath":null},{"question":"Knock","answer":"Llamar a la puerta","isRevealed":false,"imagePath":null,"audioPath":null},{"question":"Know","answer":"Saber","isRevealed":false,"imagePath":null,"audioPath":null},{"question":"Knowledge","answer":"Conocimiento","isRevealed":false,"imagePath":null,"audioPath":null},{"question":"Lack","answer":"Falta","isRevealed":false,"imagePath":null,"audioPath":null},{"question":"Land","answer":"Tierra","isRevealed":false,"imagePath":null,"audioPath":null},{"question":"Last","answer":"Último","isRevealed":false,"imagePath":null,"audioPath":null},{"question":"Laugh","answer":"Reír","isRevealed":false,"imagePath":null,"audioPath":null},{"question":"Law","answer":"Ley","isRevealed":false,"imagePath":null,"audioPath":null},{"question":"Lay","answer":"Poner","isRevealed":false,"imagePath":null,"audioPath":null},{"question":"Lead","answer":"Liderar","isRevealed":false,"imagePath":null,"audioPath":null},{"question":"Lean","answer":"Inclinarse","isRevealed":false,"imagePath":null,"audioPath":null},{"question":"Learn","answer":"Aprender","isRevealed":false,"imagePath":null,"audioPath":null},{"question":"Leave","answer":"Dejar","isRevealed":false,"imagePath":null,"audioPath":null},{"question":"Lend","answer":"Prestar","isRevealed":false,"imagePath":null,"audioPath":null},{"question":"Length","answer":"Longitud","isRevealed":false,"imagePath":null,"audioPath":null},{"question":"Let","answer":"Permitir","isRevealed":false,"imagePath":null,"audioPath":null},{"question":"Level","answer":"Nivel","isRevealed":false,"imagePath":null,"audioPath":null},{"question":"Lie","answer":"Mentir","isRevealed":false,"imagePath":null,"audioPath":null},{"question":"Lift","answer":"Levantar","isRevealed":false,"imagePath":null,"audioPath":null},{"question":"Light","answer":"Luz","isRevealed":false,"imagePath":null,"audioPath":null},{"question":"Like","answer":"Gustar","isRevealed":false,"imagePath":null,"audioPath":null},{"question":"Likely","answer":"Probable","isRevealed":false,"imagePath":null,"audioPath":null},{"question":"Limit","answer":"Límite","isRevealed":false,"imagePath":null,"audioPath":null},{"question":"Link","answer":"Enlace","isRevealed":false,"imagePath":null,"audioPath":null},{"question":"List","answer":"Lista","isRevealed":false,"imagePath":null,"audioPath":null},{"question":"Listen","answer":"Escuchar","isRevealed":false,"imagePath":null,"audioPath":null},{"question":"Live","answer":"Vivir","isRevealed":false,"imagePath":null,"audioPath":null},{"question":"Load","answer":"Cargar","isRevealed":false,"imagePath":null,"audioPath":null},{"question":"Local","answer":"Local","isRevealed":false,"imagePath":null,"audioPath":null},{"question":"Locate","answer":"Localizar","isRevealed":false,"imagePath":null,"audioPath":null},{"question":"Lock","answer":"Cerrar con llave","isRevealed":false,"imagePath":null,"audioPath":null},{"question":"Long","answer":"Largo","isRevealed":false,"imagePath":null,"audioPath":null},{"question":"Look","answer":"Mirar","isRevealed":false,"imagePath":null,"audioPath":null},{"question":"Lose","answer":"Perder","isRevealed":false,"imagePath":null,"audioPath":null},{"question":"Loss","answer":"Pérdida","isRevealed":false,"imagePath":null,"audioPath":null},{"question":"Love","answer":"Amor","isRevealed":false,"imagePath":null,"audioPath":null},{"question":"Low","answer":"Bajo","isRevealed":false,"imagePath":null,"audioPath":null},{"question":"Luck","answer":"Suerte","isRevealed":false,"imagePath":null,"audioPath":null},{"question":"Main","answer":"Principal","isRevealed":false,"imagePath":null,"audioPath":null},{"question":"Maintain","answer":"Mantener","isRevealed":false,"imagePath":null,"audioPath":null},{"question":"Major","answer":"Principal","isRevealed":false,"imagePath":null,"audioPath":null},{"question":"Make","answer":"Hacer","isRevealed":false,"imagePath":null,"audioPath":null},{"question":"Manage","answer":"Gestionar","isRevealed":false,"imagePath":null,"audioPath":null},{"question":"Manner","answer":"Manera","isRevealed":false,"imagePath":null,"audioPath":null},{"question":"Mark","answer":"Marca","isRevealed":false,"imagePath":null,"audioPath":null},{"question":"Market","answer":"Mercado","isRevealed":false,"imagePath":null,"audioPath":null},{"question":"Marry","answer":"Casarse","isRevealed":false,"imagePath":null,"audioPath":null},{"question":"Matter","answer":"Asunto","isRevealed":false,"imagePath":null,"audioPath":null},{"question":"Mean","answer":"Significar","isRevealed":false,"imagePath":null,"audioPath":null},{"question":"Measure","answer":"Medir","isRevealed":false,"imagePath":null,"audioPath":null},{"question":"Meet","answer":"Conocer / Encontrarse","isRevealed":false,"imagePath":null,"audioPath":null},{"question":"Mention","answer":"Mencionar","isRevealed":false,"imagePath":null,"audioPath":null},{"question":"Method","answer":"Método","isRevealed":false,"imagePath":null,"audioPath":null},{"question":"Middle","answer":"Medio","isRevealed":false,"imagePath":null,"audioPath":null},{"question":"Might","answer":"Poder","isRevealed":false,"imagePath":null,"audioPath":null},{"question":"Mind","answer":"Mente","isRevealed":false,"imagePath":null,"audioPath":null},{"question":"Miss","answer":"Extrañar","isRevealed":false,"imagePath":null,"audioPath":null},{"question":"Missing","answer":"Desaparecido","isRevealed":false,"imagePath":null,"audioPath":null},{"question":"Mistake","answer":"Error","isRevealed":false,"imagePath":null,"audioPath":null},{"question":"Mix","answer":"Mezclar","isRevealed":false,"imagePath":null,"audioPath":null},{"question":"Modern","answer":"Moderno","isRevealed":false,"imagePath":null,"audioPath":null},{"question":"Moment","answer":"Momento","isRevealed":false,"imagePath":null,"audioPath":null},{"question":"Money","answer":"Dinero","isRevealed":false,"imagePath":null,"audioPath":null},{"question":"Month","answer":"Mes","isRevealed":false,"imagePath":null,"audioPath":null},{"question":"Mood","answer":"Estado de ánimo","isRevealed":false,"imagePath":null,"audioPath":null},{"question":"More","answer":"Más","isRevealed":false,"imagePath":null,"audioPath":null},{"question":"Morning","answer":"Mañana","isRevealed":false,"imagePath":null,"audioPath":null},{"question":"Most","answer":"La mayoría","isRevealed":false,"imagePath":null,"audioPath":null},{"question":"Mother","answer":"Madre","isRevealed":false,"imagePath":null,"audioPath":null},{"question":"Move","answer":"Mover","isRevealed":false,"imagePath":null,"audioPath":null},{"question":"Much","answer":"Mucho","isRevealed":false,"imagePath":null,"audioPath":null},{"question":"Must","answer":"Deber","isRevealed":false,"imagePath":null,"audioPath":null},{"question":"Name","answer":"Nombre","isRevealed":false,"imagePath":null,"audioPath":null},{"question":"Narrow","answer":"Estrecho","isRevealed":false,"imagePath":null,"audioPath":null},{"question":"Nation","answer":"Nación","isRevealed":false,"imagePath":null,"audioPath":null},{"question":"Natural","answer":"Natural","isRevealed":false,"imagePath":null,"audioPath":null},{"question":"Near","answer":"Cerca","isRevealed":false,"imagePath":null,"audioPath":null},{"question":"Necessary","answer":"Necesario","isRevealed":false,"imagePath":null,"audioPath":null},{"question":"Need","answer":"Necesitar","isRevealed":false,"imagePath":null,"audioPath":null},{"question":"Neglect","answer":"Descuidar","isRevealed":false,"imagePath":null,"audioPath":null},{"question":"Neighbor","answer":"Vecino","isRevealed":false,"imagePath":null,"audioPath":null},{"question":"Neither","answer":"Tampoco","isRevealed":false,"imagePath":null,"audioPath":null},{"question":"Nerve","answer":"Nervio","isRevealed":false,"imagePath":null,"audioPath":null},{"question":"Never","answer":"Nunca","isRevealed":false,"imagePath":null,"audioPath":null},{"question":"New","answer":"Nuevo","isRevealed":false,"imagePath":null,"audioPath":null},{"question":"News","answer":"Noticias","isRevealed":false,"imagePath":null,"audioPath":null},{"question":"Next","answer":"Siguiente","isRevealed":false,"imagePath":null,"audioPath":null},{"question":"Nice","answer":"Agradable","isRevealed":false,"imagePath":null,"audioPath":null},{"question":"Night","answer":"Noche","isRevealed":false,"imagePath":null,"audioPath":null},{"question":"No","answer":"No","isRevealed":false,"imagePath":null,"audioPath":null},{"question":"None","answer":"Ninguno","isRevealed":false,"imagePath":null,"audioPath":null},{"question":"Normal","answer":"Normal","isRevealed":false,"imagePath":null,"audioPath":null},{"question":"North","answer":"Norte","isRevealed":false,"imagePath":null,"audioPath":null},{"question":"Not","answer":"No","isRevealed":false,"imagePath":null,"audioPath":null},{"question":"Note","answer":"Nota","isRevealed":false,"imagePath":null,"audioPath":null},{"question":"Nothing","answer":"Nada","isRevealed":false,"imagePath":null,"audioPath":null},{"question":"Notice","answer":"Notar","isRevealed":false,"imagePath":null,"audioPath":null},{"question":"Now","answer":"Ahora","isRevealed":false,"imagePath":null,"audioPath":null},{"question":"Number","answer":"Número","isRevealed":false,"imagePath":null,"audioPath":null},{"question":"Object","answer":"Objeto","isRevealed":false,"imagePath":null,"audioPath":null},{"question":"Observe","answer":"Observar","isRevealed":false,"imagePath":null,"audioPath":null},{"question":"Obtain","answer":"Obtener","isRevealed":false,"imagePath":null,"audioPath":null},{"question":"Occur","answer":"Ocurrir","isRevealed":false,"imagePath":null,"audioPath":null},{"question":"Off","answer":"Apagado","isRevealed":false,"imagePath":null,"audioPath":null},{"question":"Offer","answer":"Ofrecer","isRevealed":false,"imagePath":null,"audioPath":null},{"question":"Office","answer":"Oficina","isRevealed":false,"imagePath":null,"audioPath":null},{"question":"Often","answer":"A menudo","isRevealed":false,"imagePath":null,"audioPath":null},{"question":"Oil","answer":"Aceite","isRevealed":false,"imagePath":null,"audioPath":null},{"question":"Old","answer":"Viejo","isRevealed":false,"imagePath":null,"audioPath":null},{"question":"On","answer":"Encendido","isRevealed":false,"imagePath":null,"audioPath":null},{"question":"Once","answer":"Una vez","isRevealed":false,"imagePath":null,"audioPath":null},{"question":"Only","answer":"Sólo","isRevealed":false,"imagePath":null,"audioPath":null},{"question":"Open","answer":"Abierto","isRevealed":false,"imagePath":null,"audioPath":null},{"question":"Operate","answer":"Operar","isRevealed":false,"imagePath":null,"audioPath":null},{"question":"Opportunity","answer":"Oportunidad","isRevealed":false,"imagePath":null,"audioPath":null},{"question":"Opposite","answer":"Opuesto","isRevealed":false,"imagePath":null,"audioPath":null},{"question":"Or","answer":"O","isRevealed":false,"imagePath":null,"audioPath":null},{"question":"Order","answer":"Ordenar","isRevealed":false,"imagePath":null,"audioPath":null},{"question":"Other","answer":"Otro","isRevealed":false,"imagePath":null,"audioPath":null},{"question":"Our","answer":"Nuestro","isRevealed":false,"imagePath":null,"audioPath":null},{"question":"Out","answer":"Fuera","isRevealed":false,"imagePath":null,"audioPath":null},{"question":"Outside","answer":"Afuera","isRevealed":false,"imagePath":null,"audioPath":null},{"question":"Over","answer":"Sobre","isRevealed":false,"imagePath":null,"audioPath":null},{"question":"Own","answer":"Propio","isRevealed":false,"imagePath":null,"audioPath":null},{"question":"Pack","answer":"Empacar","isRevealed":false,"imagePath":null,"audioPath":null},{"question":"Page","answer":"Página","isRevealed":false,"imagePath":null,"audioPath":null},{"question":"Pain","answer":"Dolor","isRevealed":false,"imagePath":null,"audioPath":null},{"question":"Paint","answer":"Pintar","isRevealed":false,"imagePath":null,"audioPath":null},{"question":"Pair","answer":"Par","isRevealed":false,"imagePath":null,"audioPath":null},{"question":"Paper","answer":"Papel","isRevealed":false,"imagePath":null,"audioPath":null},{"question":"Parent","answer":"Padre","isRevealed":false,"imagePath":null,"audioPath":null},{"question":"Part","answer":"Parte","isRevealed":false,"imagePath":null,"audioPath":null},{"question":"Particular","answer":"Particular","isRevealed":false,"imagePath":null,"audioPath":null},{"question":"Party","answer":"Fiesta","isRevealed":false,"imagePath":null,"audioPath":null},{"question":"Pass","answer":"Pasar","isRevealed":false,"imagePath":null,"audioPath":null},{"question":"Past","answer":"Pasado","isRevealed":false,"imagePath":null,"audioPath":null},{"question":"Pay","answer":"Pagar","isRevealed":false,"imagePath":null,"audioPath":null},{"question":"Peace","answer":"Paz","isRevealed":false,"imagePath":null,"audioPath":null},{"question":"People","answer":"Gente","isRevealed":false,"imagePath":null,"audioPath":null},{"question":"Per","answer":"Por","isRevealed":false,"imagePath":null,"audioPath":null},{"question":"Perform","answer":"Actuar","isRevealed":false,"imagePath":null,"audioPath":null},{"question":"Perhaps","answer":"Quizás","isRevealed":false,"imagePath":null,"audioPath":null},{"question":"Period","answer":"Período","isRevealed":false,"imagePath":null,"audioPath":null},{"question":"Person","answer":"Persona","isRevealed":false,"imagePath":null,"audioPath":null},{"question":"Personal","answer":"Personal","isRevealed":false,"imagePath":null,"audioPath":null},{"question":"Pet","answer":"Mascota","isRevealed":false,"imagePath":null,"audioPath":null},{"question":"Phone","answer":"Teléfono","isRevealed":false,"imagePath":null,"audioPath":null},{"question":"Pick","answer":"Elegir","isRevealed":false,"imagePath":null,"audioPath":null},{"question":"Picture","answer":"Imagen","isRevealed":false,"imagePath":null,"audioPath":null},{"question":"Piece","answer":"Pieza","isRevealed":false,"imagePath":null,"audioPath":null},{"question":"Place","answer":"Lugar","isRevealed":false,"imagePath":null,"audioPath":null},{"question":"Plan","answer":"Plan","isRevealed":false,"imagePath":null,"audioPath":null},{"question":"Plant","answer":"Planta","isRevealed":false,"imagePath":null,"audioPath":null},{"question":"Play","answer":"Jugar","isRevealed":false,"imagePath":null,"audioPath":null},{"question":"Please","answer":"Por favor","isRevealed":false,"imagePath":null,"audioPath":null},{"question":"Pocket","answer":"Bolsillo","isRevealed":false,"imagePath":null,"audioPath":null},{"question":"Point","answer":"Punto","isRevealed":false,"imagePath":null,"audioPath":null},{"question":"Police","answer":"Policía","isRevealed":false,"imagePath":null,"audioPath":null},{"question":"Poor","answer":"Pobre","isRevealed":false,"imagePath":null,"audioPath":null},{"question":"Popular","answer":"Popular","isRevealed":false,"imagePath":null,"audioPath":null},{"question":"Position","answer":"Posición","isRevealed":false,"imagePath":null,"audioPath":null},{"question":"Possible","answer":"Posible","isRevealed":false,"imagePath":null,"audioPath":null},{"question":"Post","answer":"Publicar","isRevealed":false,"imagePath":null,"audioPath":null},{"question":"Pound","answer":"Libra","isRevealed":false,"imagePath":null,"audioPath":null},{"question":"Power","answer":"Poder","isRevealed":false,"imagePath":null,"audioPath":null},{"question":"Practice","answer":"Practicar","isRevealed":false,"imagePath":null,"audioPath":null},{"question":"Prepare","answer":"Preparar","isRevealed":false,"imagePath":null,"audioPath":null},{"question":"Present","answer":"Presente","isRevealed":false,"imagePath":null,"audioPath":null},{"question":"President","answer":"Presidente","isRevealed":false,"imagePath":null,"audioPath":null},{"question":"Press","answer":"Prensa","isRevealed":false,"imagePath":null,"audioPath":null},{"question":"Pretty","answer":"Bonito","isRevealed":false,"imagePath":null,"audioPath":null},{"question":"Prevent","answer":"Prevenir","isRevealed":false,"imagePath":null,"audioPath":null},{"question":"Price","answer":"Precio","isRevealed":false,"imagePath":null,"audioPath":null},{"question":"Pride","answer":"Orgullo","isRevealed":false,"imagePath":null,"audioPath":null},{"question":"Probably","answer":"Probablemente","isRevealed":false,"imagePath":null,"audioPath":null},{"question":"Problem","answer":"Problema","isRevealed":false,"imagePath":null,"audioPath":null},{"question":"Process","answer":"Proceso","isRevealed":false,"imagePath":null,"audioPath":null},{"question":"Produce","answer":"Producir","isRevealed":false,"imagePath":null,"audioPath":null},{"question":"Product","answer":"Producto","isRevealed":false,"imagePath":null,"audioPath":null},{"question":"Program","answer":"Programa","isRevealed":false,"imagePath":null,"audioPath":null},{"question":"Promise","answer":"Prometer","isRevealed":false,"imagePath":null,"audioPath":null},{"question":"Proof","answer":"Prueba","isRevealed":false,"imagePath":null,"audioPath":null},{"question":"Proper","answer":"Adecuado","isRevealed":false,"imagePath":null,"audioPath":null},{"question":"Protect","answer":"Proteger","isRevealed":false,"imagePath":null,"audioPath":null},{"question":"Prove","answer":"Probar","isRevealed":false,"imagePath":null,"audioPath":null},{"question":"Provide","answer":"Proporcionar","isRevealed":false,"imagePath":null,"audioPath":null},{"question":"Public","answer":"Público","isRevealed":false,"imagePath":null,"audioPath":null},{"question":"Pull","answer":"Tirar","isRevealed":false,"imagePath":null,"audioPath":null},{"question":"Purpose","answer":"Propósito","isRevealed":false,"imagePath":null,"audioPath":null},{"question":"Push","answer":"Empujar","isRevealed":false,"imagePath":null,"audioPath":null},{"question":"Put","answer":"Poner","isRevealed":false,"imagePath":null,"audioPath":null},{"question":"Quality","answer":"Calidad","isRevealed":false,"imagePath":null,"audioPath":null},{"question":"Question","answer":"Pregunta","isRevealed":false,"imagePath":null,"audioPath":null},{"question":"Quick","answer":"Rápido","isRevealed":false,"imagePath":null,"audioPath":null},{"question":"Quiet","answer":"Tranquilo","isRevealed":false,"imagePath":null,"audioPath":null},{"question":"Quite","answer":"Bastante","isRevealed":false,"imagePath":null,"audioPath":null},{"question":"Race","answer":"Carrera","isRevealed":false,"imagePath":null,"audioPath":null},{"question":"Radio","answer":"Radio","isRevealed":false,"imagePath":null,"audioPath":null},{"question":"Rain","answer":"Lluvia","isRevealed":false,"imagePath":null,"audioPath":null},{"question":"Raise","answer":"Levantar","isRevealed":false,"imagePath":null,"audioPath":null},{"question":"Range","answer":"Rango","isRevealed":false,"imagePath":null,"audioPath":null},{"question":"Rate","answer":"Tasa","isRevealed":false,"imagePath":null,"audioPath":null},{"question":"Rather","answer":"Prefiero","isRevealed":false,"imagePath":null,"audioPath":null},{"question":"Reach","answer":"Alcanzar","isRevealed":false,"imagePath":null,"audioPath":null},{"question":"Read","answer":"Leer","isRevealed":false,"imagePath":null,"audioPath":null},{"question":"Ready","answer":"Listo","isRevealed":false,"imagePath":null,"audioPath":null},{"question":"Real","answer":"Real","isRevealed":false,"imagePath":null,"audioPath":null},{"question":"Realise","answer":"Darse cuenta","isRevealed":false,"imagePath":null,"audioPath":null},{"question":"Really","answer":"Realmente","isRevealed":false,"imagePath":null,"audioPath":null},{"question":"Reason","answer":"Razón","isRevealed":false,"imagePath":null,"audioPath":null},{"question":"Receive","answer":"Recibir","isRevealed":false,"imagePath":null,"audioPath":null},{"question":"Recent","answer":"Reciente","isRevealed":false,"imagePath":null,"audioPath":null},{"question":"Recognise","answer":"Reconocer","isRevealed":false,"imagePath":null,"audioPath":null},{"question":"Record","answer":"Grabar","isRevealed":false,"imagePath":null,"audioPath":null},{"question":"Red","answer":"Rojo","isRevealed":false,"imagePath":null,"audioPath":null},{"question":"Reduce","answer":"Reducir","isRevealed":false,"imagePath":null,"audioPath":null},{"question":"Refer","answer":"Referir","isRevealed":false,"imagePath":null,"audioPath":null},{"question":"Refuse","answer":"Rechazar","isRevealed":false,"imagePath":null,"audioPath":null},{"question":"Region","answer":"Región","isRevealed":false,"imagePath":null,"audioPath":null},{"question":"Relation","answer":"Relación","isRevealed":false,"imagePath":null,"audioPath":null},{"question":"Remember","answer":"Recordar","isRevealed":false,"imagePath":null,"audioPath":null},{"question":"Remove","answer":"Eliminar","isRevealed":false,"imagePath":null,"audioPath":null},{"question":"Repair","answer":"Reparar","isRevealed":false,"imagePath":null,"audioPath":null},{"question":"Repeat","answer":"Repetir","isRevealed":false,"imagePath":null,"audioPath":null},{"question":"Replace","answer":"Reemplazar","isRevealed":false,"imagePath":null,"audioPath":null},{"question":"Reply","answer":"Responder","isRevealed":false,"imagePath":null,"audioPath":null},{"question":"Report","answer":"Informe","isRevealed":false,"imagePath":null,"audioPath":null},{"question":"Represent","answer":"Representar","isRevealed":false,"imagePath":null,"audioPath":null},{"question":"Require","answer":"Requerir","isRevealed":false,"imagePath":null,"audioPath":null},{"question":"Research","answer":"Investigación","isRevealed":false,"imagePath":null,"audioPath":null},{"question":"Respect","answer":"Respeto","isRevealed":false,"imagePath":null,"audioPath":null},{"question":"Responsible","answer":"Responsable","isRevealed":false,"imagePath":null,"audioPath":null},{"question":"Rest","answer":"Descansar","isRevealed":false,"imagePath":null,"audioPath":null},{"question":"Result","answer":"Resultado","isRevealed":false,"imagePath":null,"audioPath":null},{"question":"Return","answer":"Volver","isRevealed":false,"imagePath":null,"audioPath":null},{"question":"Reveal","answer":"Revelar","isRevealed":false,"imagePath":null,"audioPath":null},{"question":"Rich","answer":"Rico","isRevealed":false,"imagePath":null,"audioPath":null},{"question":"Ride","answer":"Montar","isRevealed":false,"imagePath":null,"audioPath":null},{"question":"Right","answer":"Derecho","isRevealed":false,"imagePath":null,"audioPath":null},{"question":"Ring","answer":"Anillo","isRevealed":false,"imagePath":null,"audioPath":null},{"question":"Rise","answer":"Subir","isRevealed":false,"imagePath":null,"audioPath":null},{"question":"Risk","answer":"Riesgo","isRevealed":false,"imagePath":null,"audioPath":null},{"question":"River","answer":"Río","isRevealed":false,"imagePath":null,"audioPath":null},{"question":"Road","answer":"Carretera","isRevealed":false,"imagePath":null,"audioPath":null},{"question":"Rock","answer":"Roca","isRevealed":false,"imagePath":null,"audioPath":null},{"question":"Role","answer":"Rol","isRevealed":false,"imagePath":null,"audioPath":null},{"question":"Room","answer":"Habitación","isRevealed":false,"imagePath":null,"audioPath":null},{"question":"Rule","answer":"Regla","isRevealed":false,"imagePath":null,"audioPath":null},{"question":"Run","answer":"Correr","isRevealed":false,"imagePath":null,"audioPath":null},{"question":"Safe","answer":"Seguro","isRevealed":false,"imagePath":null,"audioPath":null},{"question":"Same","answer":"Mismo","isRevealed":false,"imagePath":null,"audioPath":null},{"question":"Save","answer":"Ahorrar","isRevealed":false,"imagePath":null,"audioPath":null},{"question":"Say","answer":"Decir","isRevealed":false,"imagePath":null,"audioPath":null},{"question":"Scene","answer":"Escena","isRevealed":false,"imagePath":null,"audioPath":null},{"question":"School","answer":"Escuela","isRevealed":false,"imagePath":null,"audioPath":null},{"question":"Science","answer":"Ciencia","isRevealed":false,"imagePath":null,"audioPath":null},{"question":"Score","answer":"Puntuación","isRevealed":false,"imagePath":null,"audioPath":null},{"question":"Sea","answer":"Mar","isRevealed":false,"imagePath":null,"audioPath":null},{"question":"Season","answer":"Temporada","isRevealed":false,"imagePath":null,"audioPath":null},{"question":"Seat","answer":"Asiento","isRevealed":false,"imagePath":null,"audioPath":null},{"question":"Second","answer":"Segundo","isRevealed":false,"imagePath":null,"audioPath":null},{"question":"Secret","answer":"Secreto","isRevealed":false,"imagePath":null,"audioPath":null},{"question":"Section","answer":"Sección","isRevealed":false,"imagePath":null,"audioPath":null},{"question":"See","answer":"Ver","isRevealed":false,"imagePath":null,"audioPath":null},{"question":"Seem","answer":"Parecer","isRevealed":false,"imagePath":null,"audioPath":null},{"question":"Sell","answer":"Vender","isRevealed":false,"imagePath":null,"audioPath":null},{"question":"Send","answer":"Enviar","isRevealed":false,"imagePath":null,"audioPath":null},{"question":"Sense","answer":"Sentido","isRevealed":false,"imagePath":null,"audioPath":null},{"question":"Separate","answer":"Separar","isRevealed":false,"imagePath":null,"audioPath":null},{"question":"Serious","answer":"Serio","isRevealed":false,"imagePath":null,"audioPath":null},{"question":"Serve","answer":"Servir","isRevealed":false,"imagePath":null,"audioPath":null},{"question":"Set","answer":"Establecer","isRevealed":false,"imagePath":null,"audioPath":null},{"question":"Settle","answer":"Establecerse","isRevealed":false,"imagePath":null,"audioPath":null},{"question":"Several","answer":"Varios","isRevealed":false,"imagePath":null,"audioPath":null},{"question":"Shake","answer":"Sacudir","isRevealed":false,"imagePath":null,"audioPath":null},{"question":"Shape","answer":"Forma","isRevealed":false,"imagePath":null,"audioPath":null},{"question":"Share","answer":"Compartir","isRevealed":false,"imagePath":null,"audioPath":null},{"question":"She","answer":"Ella","isRevealed":false,"imagePath":null,"audioPath":null},{"question":"Shine","answer":"Brillar","isRevealed":false,"imagePath":null,"audioPath":null},{"question":"Ship","answer":"Barco","isRevealed":false,"imagePath":null,"audioPath":null},{"question":"Shoe","answer":"Zapato","isRevealed":false,"imagePath":null,"audioPath":null},{"question":"Shop","answer":"Tienda","isRevealed":false,"imagePath":null,"audioPath":null},{"question":"Short","answer":"Corto","isRevealed":false,"imagePath":null,"audioPath":null},{"question":"Should","answer":"Debería","isRevealed":false,"imagePath":null,"audioPath":null},{"question":"Show","answer":"Mostrar","isRevealed":false,"imagePath":null,"audioPath":null},{"question":"Shut","answer":"Cerrar","isRevealed":false,"imagePath":null,"audioPath":null},{"question":"Sick","answer":"Enfermo","isRevealed":false,"imagePath":null,"audioPath":null},{"question":"Side","answer":"Lado","isRevealed":false,"imagePath":null,"audioPath":null},{"question":"Sign","answer":"Señal","isRevealed":false,"imagePath":null,"audioPath":null},{"question":"Similar","answer":"Similar","isRevealed":false,"imagePath":null,"audioPath":null},{"question":"Simple","answer":"Simple","isRevealed":false,"imagePath":null,"audioPath":null},{"question":"Since","answer":"Desde","isRevealed":false,"imagePath":null,"audioPath":null},{"question":"Sing","answer":"Cantar","isRevealed":false,"imagePath":null,"audioPath":null},{"question":"Single","answer":"Soltero","isRevealed":false,"imagePath":null,"audioPath":null},{"question":"Sister","answer":"Hermana","isRevealed":false,"imagePath":null,"audioPath":null},{"question":"Sit","answer":"Sentar","isRevealed":false,"imagePath":null,"audioPath":null},{"question":"Situation","answer":"Situación","isRevealed":false,"imagePath":null,"audioPath":null},{"question":"Size","answer":"Tamaño","isRevealed":false,"imagePath":null,"audioPath":null},{"question":"Skill","answer":"Habilidad","isRevealed":false,"imagePath":null,"audioPath":null},{"question":"Skin","answer":"Piel","isRevealed":false,"imagePath":null,"audioPath":null},{"question":"Sleep","answer":"Dormir","isRevealed":false,"imagePath":null,"audioPath":null},{"question":"Slow","answer":"Lento","isRevealed":false,"imagePath":null,"audioPath":null},{"question":"Small","answer":"Pequeño","isRevealed":false,"imagePath":null,"audioPath":null},{"question":"Smile","answer":"Sonreír","isRevealed":false,"imagePath":null,"audioPath":null},{"question":"Smoke","answer":"Fumar","isRevealed":false,"imagePath":null,"audioPath":null},{"question":"So","answer":"Así que","isRevealed":false,"imagePath":null,"audioPath":null},{"question":"Social","answer":"Social","isRevealed":false,"imagePath":null,"audioPath":null},{"question":"Society","answer":"Sociedad","isRevealed":false,"imagePath":null,"audioPath":null},{"question":"Soft","answer":"Suave","isRevealed":false,"imagePath":null,"audioPath":null},{"question":"Soil","answer":"Suelo","isRevealed":false,"imagePath":null,"audioPath":null},{"question":"Soldier","answer":"Soldado","isRevealed":false,"imagePath":null,"audioPath":null},{"question":"Solution","answer":"Solución","isRevealed":false,"imagePath":null,"audioPath":null},{"question":"Solve","answer":"Resolver","isRevealed":false,"imagePath":null,"audioPath":null},{"question":"Some","answer":"Algunos","isRevealed":false,"imagePath":null,"audioPath":null},{"question":"Somebody","answer":"Alguien","isRevealed":false,"imagePath":null,"audioPath":null},{"question":"Somehow","answer":"De alguna manera","isRevealed":false,"imagePath":null,"audioPath":null},{"question":"Something","answer":"Algo","isRevealed":false,"imagePath":null,"audioPath":null},{"question":"Sometimes","answer":"A veces","isRevealed":false,"imagePath":null,"audioPath":null},{"question":"Somewhere","answer":"En algún lugar","isRevealed":false,"imagePath":null,"audioPath":null},{"question":"Son","answer":"Hijo","isRevealed":false,"imagePath":null,"audioPath":null},{"question":"Song","answer":"Canción","isRevealed":false,"imagePath":null,"audioPath":null},{"question":"Soon","answer":"Pronto","isRevealed":false,"imagePath":null,"audioPath":null},{"question":"Sorry","answer":"Lo siento","isRevealed":false,"imagePath":null,"audioPath":null},{"question":"Sort","answer":"Tipo","isRevealed":false,"imagePath":null,"audioPath":null},{"question":"Sound","answer":"Sonido","isRevealed":false,"imagePath":null,"audioPath":null},{"question":"Source","answer":"Fuente","isRevealed":false,"imagePath":null,"audioPath":null},{"question":"South","answer":"Sur","isRevealed":false,"imagePath":null,"audioPath":null},{"question":"Space","answer":"Espacio","isRevealed":false,"imagePath":null,"audioPath":null},{"question":"Speak","answer":"Hablar","isRevealed":false,"imagePath":null,"audioPath":null},{"question":"Special","answer":"Especial","isRevealed":false,"imagePath":null,"audioPath":null},{"question":"Specific","answer":"Específico","isRevealed":false,"imagePath":null,"audioPath":null},{"question":"Speech","answer":"Discurso","isRevealed":false,"imagePath":null,"audioPath":null},{"question":"Spend","answer":"Gastar","isRevealed":false,"imagePath":null,"audioPath":null},{"question":"Sport","answer":"Deporte","isRevealed":false,"imagePath":null,"audioPath":null},{"question":"Spread","answer":"Extender","isRevealed":false,"imagePath":null,"audioPath":null},{"question":"Spring","answer":"Primavera","isRevealed":false,"imagePath":null,"audioPath":null},{"question":"Staff","answer":"Personal","isRevealed":false,"imagePath":null,"audioPath":null},{"question":"Stage","answer":"Etapa","isRevealed":false,"imagePath":null,"audioPath":null},{"question":"Stand","answer":"Ponerse de pie","isRevealed":false,"imagePath":null,"audioPath":null},{"question":"Standard","answer":"Estándar","isRevealed":false,"imagePath":null,"audioPath":null},{"question":"Star","answer":"Estrella","isRevealed":false,"imagePath":null,"audioPath":null},{"question":"Start","answer":"Comenzar","isRevealed":false,"imagePath":null,"audioPath":null},{"question":"State","answer":"Estado","isRevealed":false,"imagePath":null,"audioPath":null},{"question":"Statement","answer":"Declaración","isRevealed":false,"imagePath":null,"audioPath":null},{"question":"Stay","answer":"Quedarse","isRevealed":false,"imagePath":null,"audioPath":null},{"question":"Steal","answer":"Robar","isRevealed":false,"imagePath":null,"audioPath":null},{"question":"Step","answer":"Paso","isRevealed":false,"imagePath":null,"audioPath":null},{"question":"Still","answer":"Todavía","isRevealed":false,"imagePath":null,"audioPath":null},{"question":"Stock","answer":"Stock","isRevealed":false,"imagePath":null,"audioPath":null},{"question":"Stop","answer":"Detener","isRevealed":false,"imagePath":null,"audioPath":null},{"question":"Store","answer":"Tienda","isRevealed":false,"imagePath":null,"audioPath":null},{"question":"Story","answer":"Historia","isRevealed":false,"imagePath":null,"audioPath":null},{"question":"Straight","answer":"Recto","isRevealed":false,"imagePath":null,"audioPath":null},{"question":"Strange","answer":"Extraño","isRevealed":false,"imagePath":null,"audioPath":null},{"question":"Street","answer":"Calle","isRevealed":false,"imagePath":null,"audioPath":null},{"question":"Strength","answer":"Fuerza","isRevealed":false,"imagePath":null,"audioPath":null},{"question":"Strike","answer":"Golpear","isRevealed":false,"imagePath":null,"audioPath":null},{"question":"Strong","answer":"Fuerte","isRevealed":false,"imagePath":null,"audioPath":null},{"question":"Structure","answer":"Estructura","isRevealed":false,"imagePath":null,"audioPath":null},{"question":"Student","answer":"Estudiante","isRevealed":false,"imagePath":null,"audioPath":null},{"question":"Study","answer":"Estudiar","isRevealed":false,"imagePath":null,"audioPath":null},{"question":"Stuff","answer":"Cosas","isRevealed":false,"imagePath":null,"audioPath":null},{"question":"Style","answer":"Estilo","isRevealed":false,"imagePath":null,"audioPath":null},{"question":"Subject","answer":"Asunto","isRevealed":false,"imagePath":null,"audioPath":null},{"question":"Succeed","answer":"Tener éxito","isRevealed":false,"imagePath":null,"audioPath":null},{"question":"Success","answer":"Éxito","isRevealed":false,"imagePath":null,"audioPath":null},{"question":"Such","answer":"Tal","isRevealed":false,"imagePath":null,"audioPath":null},{"question":"Suddenly","answer":"De repente","isRevealed":false,"imagePath":null,"audioPath":null},{"question":"Suffer","answer":"Sufrir","isRevealed":false,"imagePath":null,"audioPath":null},{"question":"Suggest","answer":"Sugerir","isRevealed":false,"imagePath":null,"audioPath":null},{"question":"Suit","answer":"Traje","isRevealed":false,"imagePath":null,"audioPath":null},{"question":"Summer","answer":"Verano","isRevealed":false,"imagePath":null,"audioPath":null},{"question":"Supply","answer":"Suministro","isRevealed":false,"imagePath":null,"audioPath":null},{"question":"Support","answer":"Apoyar","isRevealed":false,"imagePath":null,"audioPath":null},{"question":"Sure","answer":"Seguro","isRevealed":false,"imagePath":null,"audioPath":null},{"question":"Surface","answer":"Superficie","isRevealed":false,"imagePath":null,"audioPath":null},{"question":"Surprise","answer":"Sorpresa","isRevealed":false,"imagePath":null,"audioPath":null},{"question":"Swim","answer":"Nadar","isRevealed":false,"imagePath":null,"audioPath":null},{"question":"System","answer":"Sistema","isRevealed":false,"imagePath":null,"audioPath":null},{"question":"Table","answer":"Mesa","isRevealed":false,"imagePath":null,"audioPath":null},{"question":"Take","answer":"Tomar","isRevealed":false,"imagePath":null,"audioPath":null},{"question":"Talk","answer":"Hablar","isRevealed":false,"imagePath":null,"audioPath":null},{"question":"Tall","answer":"Alto","isRevealed":false,"imagePath":null,"audioPath":null},{"question":"Task","answer":"Tarea","isRevealed":false,"imagePath":null,"audioPath":null},{"question":"Taste","answer":"Sabor","isRevealed":false,"imagePath":null,"audioPath":null},{"question":"Tax","answer":"Impuesto","isRevealed":false,"imagePath":null,"audioPath":null},{"question":"Teach","answer":"Enseñar","isRevealed":false,"imagePath":null,"audioPath":null},{"question":"Team","answer":"Equipo","isRevealed":false,"imagePath":null,"audioPath":null},{"question":"Tell","answer":"Decir","isRevealed":false,"imagePath":null,"audioPath":null},{"question":"Temperature","answer":"Temperatura","isRevealed":false,"imagePath":null,"audioPath":null},{"question":"Tend","answer":"Tender","isRevealed":false,"imagePath":null,"audioPath":null},{"question":"Term","answer":"Término","isRevealed":false,"imagePath":null,"audioPath":null},{"question":"Test","answer":"Prueba","isRevealed":false,"imagePath":null,"audioPath":null},{"question":"Than","answer":"Que","isRevealed":false,"imagePath":null,"audioPath":null},{"question":"Thank","answer":"Agradecer","isRevealed":false,"imagePath":null,"audioPath":null},{"question":"That","answer":"Ese","isRevealed":false,"imagePath":null,"audioPath":null},{"question":"The","answer":"El","isRevealed":false,"imagePath":null,"audioPath":null},{"question":"Their","answer":"Su","isRevealed":false,"imagePath":null,"audioPath":null},{"question":"Them","answer":"Ellos","isRevealed":false,"imagePath":null,"audioPath":null},{"question":"Then","answer":"Entonces","isRevealed":false,"imagePath":null,"audioPath":null},{"question":"Theory","answer":"Teoría","isRevealed":false,"imagePath":null,"audioPath":null},{"question":"There","answer":"Allí","isRevealed":false,"imagePath":null,"audioPath":null},{"question":"These","answer":"Estos","isRevealed":false,"imagePath":null,"audioPath":null},{"question":"They","answer":"Ellos","isRevealed":false,"imagePath":null,"audioPath":null},{"question":"Thing","answer":"Cosa","isRevealed":false,"imagePath":null,"audioPath":null},{"question":"Think","answer":"Pensar","isRevealed":false,"imagePath":null,"audioPath":null},{"question":"This","answer":"Este","isRevealed":false,"imagePath":null,"audioPath":null},{"question":"Those","answer":"Esos","isRevealed":false,"imagePath":null,"audioPath":null},{"question":"Though","answer":"Aunque","isRevealed":false,"imagePath":null,"audioPath":null},{"question":"Thought","answer":"Pensamiento","isRevealed":false,"imagePath":null,"audioPath":null},{"question":"Threat","answer":"Amenaza","isRevealed":false,"imagePath":null,"audioPath":null},{"question":"Through","answer":"A través","isRevealed":false,"imagePath":null,"audioPath":null},{"question":"Throw","answer":"Lanzar","isRevealed":false,"imagePath":null,"audioPath":null},{"question":"Thus","answer":"Así","isRevealed":false,"imagePath":null,"audioPath":null},{"question":"Time","answer":"Tiempo","isRevealed":false,"imagePath":null,"audioPath":null},{"question":"To","answer":"A","isRevealed":false,"imagePath":null,"audioPath":null},{"question":"Today","answer":"Hoy","isRevealed":false,"imagePath":null,"audioPath":null},{"question":"Together","answer":"Juntos","isRevealed":false,"imagePath":null,"audioPath":null},{"question":"Tomorrow","answer":"Mañana","isRevealed":false,"imagePath":null,"audioPath":null},{"question":"Tonight","answer":"Esta noche","isRevealed":false,"imagePath":null,"audioPath":null},{"question":"Too","answer":"También","isRevealed":false,"imagePath":null,"audioPath":null},{"question":"Top","answer":"Parte superior","isRevealed":false,"imagePath":null,"audioPath":null},{"question":"Total","answer":"Total","isRevealed":false,"imagePath":null,"audioPath":null},{"question":"Touch","answer":"Tocar","isRevealed":false,"imagePath":null,"audioPath":null},{"question":"Toward","answer":"Hacia","isRevealed":false,"imagePath":null,"audioPath":null},{"question":"Town","answer":"Ciudad","isRevealed":false,"imagePath":null,"audioPath":null},{"question":"Trade","answer":"Comercio","isRevealed":false,"imagePath":null,"audioPath":null},{"question":"Traditional","answer":"Tradicional","isRevealed":false,"imagePath":null,"audioPath":null},{"question":"Train","answer":"Tren","isRevealed":false,"imagePath":null,"audioPath":null},{"question":"Training","answer":"Entrenamiento","isRevealed":false,"imagePath":null,"audioPath":null},{"question":"Travel","answer":"Viajar","isRevealed":false,"imagePath":null,"audioPath":null},{"question":"Treat","answer":"Tratar","isRevealed":false,"imagePath":null,"audioPath":null},{"question":"Tree","answer":"Árbol","isRevealed":false,"imagePath":null,"audioPath":null},{"question":"Trial","answer":"Prueba","isRevealed":false,"imagePath":null,"audioPath":null},{"question":"Trip","answer":"Viaje","isRevealed":false,"imagePath":null,"audioPath":null},{"question":"Trouble","answer":"Problema","isRevealed":false,"imagePath":null,"audioPath":null},{"question":"True","answer":"Verdadero","isRevealed":false,"imagePath":null,"audioPath":null},{"question":"Trust","answer":"Confiar","isRevealed":false,"imagePath":null,"audioPath":null},{"question":"Truth","answer":"Verdad","isRevealed":false,"imagePath":null,"audioPath":null},{"question":"Try","answer":"Intentar","isRevealed":false,"imagePath":null,"audioPath":null},{"question":"Turn","answer":"Girar","isRevealed":false,"imagePath":null,"audioPath":null},{"question":"TV","answer":"Televisión","isRevealed":false,"imagePath":null,"audioPath":null},{"question":"Type","answer":"Tipo","isRevealed":false,"imagePath":null,"audioPath":null},{"question":"Under","answer":"Bajo","isRevealed":false,"imagePath":null,"audioPath":null},{"question":"Understand","answer":"Entender","isRevealed":false,"imagePath":null,"audioPath":null},{"question":"Unit","answer":"Unidad","isRevealed":false,"imagePath":null,"audioPath":null},{"question":"Until","answer":"Hasta","isRevealed":false,"imagePath":null,"audioPath":null},{"question":"Up","answer":"Arriba","isRevealed":false,"imagePath":null,"audioPath":null},{"question":"Upon","answer":"Sobre","isRevealed":false,"imagePath":null,"audioPath":null},{"question":"Use","answer":"Usar","isRevealed":false,"imagePath":null,"audioPath":null},{"question":"Usually","answer":"Normalmente","isRevealed":false,"imagePath":null,"audioPath":null},{"question":"Value","answer":"Valor","isRevealed":false,"imagePath":null,"audioPath":null},{"question":"Various","answer":"Varios","isRevealed":false,"imagePath":null,"audioPath":null},{"question":"Very","answer":"Muy","isRevealed":false,"imagePath":null,"audioPath":null},{"question":"View","answer":"Vista","isRevealed":false,"imagePath":null,"audioPath":null},{"question":"Village","answer":"Pueblo","isRevealed":false,"imagePath":null,"audioPath":null},{"question":"Visit","answer":"Visitar","isRevealed":false,"imagePath":null,"audioPath":null},{"question":"Voice","answer":"Voz","isRevealed":false,"imagePath":null,"audioPath":null},{"question":"Wait","answer":"Esperar","isRevealed":false,"imagePath":null,"audioPath":null},{"question":"Walk","answer":"Andar","isRevealed":false,"imagePath":null,"audioPath":null},{"question":"Wall","answer":"Pared","isRevealed":false,"imagePath":null,"audioPath":null},{"question":"Want","answer":"Querer","isRevealed":false,"imagePath":null,"audioPath":null},{"question":"War","answer":"Guerra","isRevealed":false,"imagePath":null,"audioPath":null},{"question":"Watch","answer":"Reloj / Mirar","isRevealed":false,"imagePath":null,"audioPath":null},{"question":"Water","answer":"Agua","isRevealed":false,"imagePath":null,"audioPath":null},{"question":"Way","answer":"Camino","isRevealed":false,"imagePath":null,"audioPath":null},{"question":"We","answer":"Nosotros","isRevealed":false,"imagePath":null,"audioPath":null},{"question":"Weapon","answer":"Arma","isRevealed":false,"imagePath":null,"audioPath":null},{"question":"Wear","answer":"Llevar puesto","isRevealed":false,"imagePath":null,"audioPath":null},{"question":"Week","answer":"Semana","isRevealed":false,"imagePath":null,"audioPath":null},{"question":"Weight","answer":"Peso","isRevealed":false,"imagePath":null,"audioPath":null},{"question":"Welcome","answer":"Bienvenido","isRevealed":false,"imagePath":null,"audioPath":null},{"question":"Well","answer":"Bien","isRevealed":false,"imagePath":null,"audioPath":null},{"question":"West","answer":"Oeste","isRevealed":false,"imagePath":null,"audioPath":null},{"question":"What","answer":"Qué","isRevealed":false,"imagePath":null,"audioPath":null},{"question":"Whatever","answer":"Lo que sea","isRevealed":false,"imagePath":null,"audioPath":null},{"question":"When","answer":"Cuándo","isRevealed":false,"imagePath":null,"audioPath":null},{"question":"Where","answer":"Dónde","isRevealed":false,"imagePath":null,"audioPath":null},{"question":"Whether","answer":"Si","isRevealed":false,"imagePath":null,"audioPath":null},{"question":"Which","answer":"Cuál","isRevealed":false,"imagePath":null,"audioPath":null},{"question":"While","answer":"Mientras","isRevealed":false,"imagePath":null,"audioPath":null},{"question":"White","answer":"Blanco","isRevealed":false,"imagePath":null,"audioPath":null},{"question":"Who","answer":"Quién","isRevealed":false,"imagePath":null,"audioPath":null},{"question":"Whole","answer":"Entero","isRevealed":false,"imagePath":null,"audioPath":null},{"question":"Why","answer":"Por qué","isRevealed":false,"imagePath":null,"audioPath":null},{"question":"Wide","answer":"Ancho","isRevealed":false,"imagePath":null,"audioPath":null},{"question":"Wife","answer":"Esposa","isRevealed":false,"imagePath":null,"audioPath":null},{"question":"Will","answer":"Voluntad","isRevealed":false,"imagePath":null,"audioPath":null},{"question":"Win","answer":"Ganar","isRevealed":false,"imagePath":null,"audioPath":null},{"question":"Wind","answer":"Viento","isRevealed":false,"imagePath":null,"audioPath":null},{"question":"Window","answer":"Ventana","isRevealed":false,"imagePath":null,"audioPath":null},{"question":"Wish","answer":"Desear","isRevealed":false,"imagePath":null,"audioPath":null},{"question":"With","answer":"Con","isRevealed":false,"imagePath":null,"audioPath":null},{"question":"Within","answer":"Dentro","isRevealed":false,"imagePath":null,"audioPath":null},{"question":"Without","answer":"Sin","isRevealed":false,"imagePath":null,"audioPath":null},{"question":"Woman","answer":"Mujer","isRevealed":false,"imagePath":null,"audioPath":null},{"question":"Wonder","answer":"Preguntarse","isRevealed":false,"imagePath":null,"audioPath":null},{"question":"Word","answer":"Palabra","isRevealed":false,"imagePath":null,"audioPath":null},{"question":"Work","answer":"Trabajo","isRevealed":false,"imagePath":null,"audioPath":null},{"question":"World","answer":"Mundo","isRevealed":false,"imagePath":null,"audioPath":null},{"question":"Worry","answer":"Preocuparse","isRevealed":false,"imagePath":null,"audioPath":null},{"question":"Worth","answer":"Valer","isRevealed":false,"imagePath":null,"audioPath":null},{"question":"Would","answer":"Haría","isRevealed":false,"imagePath":null,"audioPath":null},{"question":"Write","answer":"Escribir","isRevealed":false,"imagePath":null,"audioPath":null},{"question":"Wrong","answer":"Incorrecto","isRevealed":false,"imagePath":null,"audioPath":null},{"question":"Year","answer":"Año","isRevealed":false,"imagePath":null,"audioPath":null},{"question":"Yes","answer":"Sí","isRevealed":false,"imagePath":null,"audioPath":null},{"question":"Yet","answer":"Todavía","isRevealed":false,"imagePath":null,"audioPath":null},{"question":"You","answer":"Tú","isRevealed":false,"imagePath":null,"audioPath":null},{"question":"Young","answer":"Joven","isRevealed":false,"imagePath":null,"audioPath":null},{"question":"Your","answer":"Tu","isRevealed":false,"imagePath":null,"audioPath":null}],"knownFlashcards":[],"unknownFlashcards":[]}