{"name":"Código Morse","studyingFlashcards":[{"question":"A","answer":".-","isRevealed":false,"imagePath":null,"audioPath":null},{"question":"B","answer":"-…","isRevealed":false,"imagePath":null,"audioPath":null},{"question":"C","answer":"-.-.","isRevealed":false,"imagePath":null,"audioPath":null},{"question":"CH","answer":"----","isRevealed":false,"imagePath":null,"audioPath":null},{"question":"D","answer":"-..","isRevealed":false,"imagePath":null,"audioPath":null},{"question":"E","answer":".","isRevealed":false,"imagePath":null,"audioPath":null},{"question":"F","answer":"..-.","isRevealed":false,"imagePath":null,"audioPath":null},{"question":"G","answer":"--.","isRevealed":false,"imagePath":null,"audioPath":null},{"question":"H","answer":"….","isRevealed":false,"imagePath":null,"audioPath":null},{"question":"I","answer":"..","isRevealed":false,"imagePath":null,"audioPath":null},{"question":"J","answer":".---","isRevealed":false,"imagePath":null,"audioPath":null},{"question":"K","answer":"-.-","isRevealed":false,"imagePath":null,"audioPath":null},{"question":"L","answer":".-..","isRevealed":false,"imagePath":null,"audioPath":null},{"question":"M","answer":"--","isRevealed":false,"imagePath":null,"audioPath":null},{"question":"N","answer":"-.","isRevealed":false,"imagePath":null,"audioPath":null},{"question":"Ñ","answer":"--.--","isRevealed":false,"imagePath":null,"audioPath":null},{"question":"O","answer":"---","isRevealed":false,"imagePath":null,"audioPath":null},{"question":"P","answer":".--.","isRevealed":false,"imagePath":null,"audioPath":null},{"question":"Q","answer":"--.-","isRevealed":false,"imagePath":null,"audioPath":null},{"question":"R","answer":".-.","isRevealed":false,"imagePath":null,"audioPath":null},{"question":"S","answer":"…","isRevealed":false,"imagePath":null,"audioPath":null},{"question":"T","answer":"-","isRevealed":false,"imagePath":null,"audioPath":null},{"question":"U","answer":"..-","isRevealed":false,"imagePath":null,"audioPath":null},{"question":"V","answer":"…-","isRevealed":false,"imagePath":null,"audioPath":null},{"question":"W","answer":".--","isRevealed":false,"imagePath":null,"audioPath":null},{"question":"X","answer":"-..-","isRevealed":false,"imagePath":null,"audioPath":null},{"question":"Y","answer":"-.--","isRevealed":false,"imagePath":null,"audioPath":null},{"question":"Z","answer":"--..","isRevealed":false,"imagePath":null,"audioPath":null},{"question":"0","answer":"-----","isRevealed":false,"imagePath":null,"audioPath":null},{"question":"1","answer":".----","isRevealed":false,"imagePath":null,"audioPath":null},{"question":"2","answer":"..---","isRevealed":false,"imagePath":null,"audioPath":null},{"question":"3","answer":"…--","isRevealed":false,"imagePath":null,"audioPath":null},{"question":"4","answer":"….-","isRevealed":false,"imagePath":null,"audioPath":null},{"question":"5","answer":"…..","isRevealed":false,"imagePath":null,"audioPath":null},{"question":"6","answer":"-….","isRevealed":false,"imagePath":null,"audioPath":null},{"question":"7","answer":"--…","isRevealed":false,"imagePath":null,"audioPath":null},{"question":"8","answer":"---..","isRevealed":false,"imagePath":null,"audioPath":null},{"question":"9","answer":"----.","isRevealed":false,"imagePath":null,"audioPath":null},{"question":".","answer":".-.-.-","isRevealed":false,"imagePath":null,"audioPath":null},{"question":",","answer":"--..--","isRevealed":false,"imagePath":null,"audioPath":null},{"question":":","answer":"---…","isRevealed":false,"imagePath":null,"audioPath":null},{"question":"?","answer":"..--..","isRevealed":false,"imagePath":null,"audioPath":null}],"knownFlashcards":[],"unknownFlashcards":[]}