{"name":"Alfabeto Árabe","studyingFlashcards":[{"question":"ﺍ","answer":"varios, incluyendo [aː]","isRevealed":false,"imagePath":null,"audioPath":null},{"question":"ﺏ","answer":"[b]","isRevealed":false,"imagePath":null,"audioPath":null},{"question":"ﺕ","answer":"[t]","isRevealed":false,"imagePath":null,"audioPath":null},{"question":"ﺙ","answer":"[θ]","isRevealed":false,"imagePath":null,"audioPath":null},{"question":"ﺝ","answer":"[ʤ]","isRevealed":false,"imagePath":null,"audioPath":null},{"question":"ﺡ","answer":"[ħ]","isRevealed":false,"imagePath":null,"audioPath":null},{"question":"ﺥ","answer":"[x]","isRevealed":false,"imagePath":null,"audioPath":null},{"question":"ﺩ","answer":"[d]","isRevealed":false,"imagePath":null,"audioPath":null},{"question":"ﺫ","answer":"[ð]","isRevealed":false,"imagePath":null,"audioPath":null},{"question":"ﺭ","answer":"[r]","isRevealed":false,"imagePath":null,"audioPath":null},{"question":"ﺯ","answer":"[z]","isRevealed":false,"imagePath":null,"audioPath":null},{"question":"ﺱ","answer":"[s]","isRevealed":false,"imagePath":null,"audioPath":null},{"question":"ﺵ","answer":"[ʃ]","isRevealed":false,"imagePath":null,"audioPath":null},{"question":"ﺹ","answer":"[sˁ]","isRevealed":false,"imagePath":null,"audioPath":null},{"question":"ﺽ","answer":"[dˁ]","isRevealed":false,"imagePath":null,"audioPath":null},{"question":"ﻁ","answer":"[tˁ]","isRevealed":false,"imagePath":null,"audioPath":null},{"question":"ﻅ","answer":"[ðˁ]","isRevealed":false,"imagePath":null,"audioPath":null},{"question":"ﻉ","answer":"[ʕ]","isRevealed":false,"imagePath":null,"audioPath":null},{"question":"ﻍ","answer":"[ɣ]","isRevealed":false,"imagePath":null,"audioPath":null},{"question":"ﻑ","answer":"[f]","isRevealed":false,"imagePath":null,"audioPath":null},{"question":"ﻕ","answer":"[q]","isRevealed":false,"imagePath":null,"audioPath":null},{"question":"ﻙ","answer":"[k]","isRevealed":false,"imagePath":null,"audioPath":null},{"question":"ﻝ","answer":"[l], ([lˁ] solo en Allah)","isRevealed":false,"imagePath":null,"audioPath":null},{"question":"ﻡ","answer":"[m]","isRevealed":false,"imagePath":null,"audioPath":null},{"question":"ﻥ","answer":"[n]","isRevealed":false,"imagePath":null,"audioPath":null},{"question":"ﻩ","answer":"[h]","isRevealed":false,"imagePath":null,"audioPath":null},{"question":"ﻭ","answer":"[w] / [uː]","isRevealed":false,"imagePath":null,"audioPath":null},{"question":"ﻱ","answer":"[j] / [iː]","isRevealed":false,"imagePath":null,"audioPath":null},{"question":"varios, incluyendo [aː]","answer":"ﺍ","isRevealed":false,"imagePath":null,"audioPath":null},{"question":"[b]","answer":"ﺏ","isRevealed":false,"imagePath":null,"audioPath":null},{"question":"[t]","answer":"ﺕ","isRevealed":false,"imagePath":null,"audioPath":null},{"question":"[θ]","answer":"ﺙ","isRevealed":false,"imagePath":null,"audioPath":null},{"question":"[ʤ]","answer":"ﺝ","isRevealed":false,"imagePath":null,"audioPath":null},{"question":"[ħ]","answer":"ﺡ","isRevealed":false,"imagePath":null,"audioPath":null},{"question":"[x]","answer":"ﺥ","isRevealed":false,"imagePath":null,"audioPath":null},{"question":"[d]","answer":"ﺩ","isRevealed":false,"imagePath":null,"audioPath":null},{"question":"[ð]","answer":"ﺫ","isRevealed":false,"imagePath":null,"audioPath":null},{"question":"[r]","answer":"ﺭ","isRevealed":false,"imagePath":null,"audioPath":null},{"question":"[z]","answer":"ﺯ","isRevealed":false,"imagePath":null,"audioPath":null},{"question":"[s]","answer":"ﺱ","isRevealed":false,"imagePath":null,"audioPath":null},{"question":"[ʃ]","answer":"ﺵ","isRevealed":false,"imagePath":null,"audioPath":null},{"question":"[sˁ]","answer":"ﺹ","isRevealed":false,"imagePath":null,"audioPath":null},{"question":"[dˁ]","answer":"ﺽ","isRevealed":false,"imagePath":null,"audioPath":null},{"question":"[tˁ]","answer":"ﻁ","isRevealed":false,"imagePath":null,"audioPath":null},{"question":"[ðˁ]","answer":"ﻅ","isRevealed":false,"imagePath":null,"audioPath":null},{"question":"[ʕ]","answer":"ﻉ","isRevealed":false,"imagePath":null,"audioPath":null},{"question":"[ɣ]","answer":"ﻍ","isRevealed":false,"imagePath":null,"audioPath":null},{"question":"[f]","answer":"ﻑ","isRevealed":false,"imagePath":null,"audioPath":null},{"question":"[q]","answer":"ﻕ","isRevealed":false,"imagePath":null,"audioPath":null},{"question":"[k]","answer":"ﻙ","isRevealed":false,"imagePath":null,"audioPath":null},{"question":"[l], ([lˁ] solo en Allah)","answer":"ﻝ","isRevealed":false,"imagePath":null,"audioPath":null},{"question":"[m]","answer":"ﻡ","isRevealed":false,"imagePath":null,"audioPath":null},{"question":"[n]","answer":"ﻥ","isRevealed":false,"imagePath":null,"audioPath":null},{"question":"[h]","answer":"ﻩ","isRevealed":false,"imagePath":null,"audioPath":null},{"question":"[w] / [uː]","answer":"ﻭ","isRevealed":false,"imagePath":null,"audioPath":null},{"question":"[j] / [iː]","answer":"ﻱ","isRevealed":false,"imagePath":null,"audioPath":null}],"knownFlashcards":[],"unknownFlashcards":[]}