{"name":"Tabla Periódica","studyingFlashcards":[{"question":"H","answer":"Hidrógeno (1)","isRevealed":false,"imagePath":null,"audioPath":null},{"question":"He","answer":"Helio (2)","isRevealed":false,"imagePath":null,"audioPath":null},{"question":"Li","answer":"Litio (3)","isRevealed":false,"imagePath":null,"audioPath":null},{"question":"Be","answer":"Berilio (4)","isRevealed":false,"imagePath":null,"audioPath":null},{"question":"B","answer":"Boro (5)","isRevealed":false,"imagePath":null,"audioPath":null},{"question":"C","answer":"Carbono (6)","isRevealed":false,"imagePath":null,"audioPath":null},{"question":"N","answer":"Nitrógeno (7)","isRevealed":false,"imagePath":null,"audioPath":null},{"question":"O","answer":"Oxígeno (8)","isRevealed":false,"imagePath":null,"audioPath":null},{"question":"F","answer":"Flúor (9)","isRevealed":false,"imagePath":null,"audioPath":null},{"question":"Ne","answer":"Neón (10)","isRevealed":false,"imagePath":null,"audioPath":null},{"question":"Na","answer":"Sodio (11)","isRevealed":false,"imagePath":null,"audioPath":null},{"question":"Mg","answer":"Magnesio (12)","isRevealed":false,"imagePath":null,"audioPath":null},{"question":"Al","answer":"Aluminio (13)","isRevealed":false,"imagePath":null,"audioPath":null},{"question":"Si","answer":"Silicio (14)","isRevealed":false,"imagePath":null,"audioPath":null},{"question":"P","answer":"Fósforo (15)","isRevealed":false,"imagePath":null,"audioPath":null},{"question":"S","answer":"Azufre (16)","isRevealed":false,"imagePath":null,"audioPath":null},{"question":"Cl","answer":"Cloro (17)","isRevealed":false,"imagePath":null,"audioPath":null},{"question":"Ar","answer":"Argón (18)","isRevealed":false,"imagePath":null,"audioPath":null},{"question":"K","answer":"Potasio (19)","isRevealed":false,"imagePath":null,"audioPath":null},{"question":"Ca","answer":"Calcio (20)","isRevealed":false,"imagePath":null,"audioPath":null},{"question":"Sc","answer":"Escandio (21)","isRevealed":false,"imagePath":null,"audioPath":null},{"question":"Ti","answer":"Titanio (22)","isRevealed":false,"imagePath":null,"audioPath":null},{"question":"V","answer":"Vanadio (23)","isRevealed":false,"imagePath":null,"audioPath":null},{"question":"Cr","answer":"Cromo (24)","isRevealed":false,"imagePath":null,"audioPath":null},{"question":"Mn","answer":"Manganeso (25)","isRevealed":false,"imagePath":null,"audioPath":null},{"question":"Fe","answer":"Hierro (26)","isRevealed":false,"imagePath":null,"audioPath":null},{"question":"Co","answer":"Cobalto (27)","isRevealed":false,"imagePath":null,"audioPath":null},{"question":"Ni","answer":"Níquel (28)","isRevealed":false,"imagePath":null,"audioPath":null},{"question":"Cu","answer":"Cobre (29)","isRevealed":false,"imagePath":null,"audioPath":null},{"question":"Zn","answer":"Zinc (30)","isRevealed":false,"imagePath":null,"audioPath":null},{"question":"Ga","answer":"Galio (31)","isRevealed":false,"imagePath":null,"audioPath":null},{"question":"Ge","answer":"Germanio (32)","isRevealed":false,"imagePath":null,"audioPath":null},{"question":"As","answer":"Arsénico (33)","isRevealed":false,"imagePath":null,"audioPath":null},{"question":"Se","answer":"Selenio (34)","isRevealed":false,"imagePath":null,"audioPath":null},{"question":"Br","answer":"Bromo (35)","isRevealed":false,"imagePath":null,"audioPath":null},{"question":"Kr","answer":"Kriptón (36)","isRevealed":false,"imagePath":null,"audioPath":null},{"question":"Rb","answer":"Rubidio (37)","isRevealed":false,"imagePath":null,"audioPath":null},{"question":"Sr","answer":"Estroncio (38)","isRevealed":false,"imagePath":null,"audioPath":null},{"question":"Y","answer":"Itrio (39)","isRevealed":false,"imagePath":null,"audioPath":null},{"question":"Zr","answer":"Circonio (40)","isRevealed":false,"imagePath":null,"audioPath":null},{"question":"Nb","answer":"Niobio (41)","isRevealed":false,"imagePath":null,"audioPath":null},{"question":"Mo","answer":"Molibdeno (42)","isRevealed":false,"imagePath":null,"audioPath":null},{"question":"Tc","answer":"Tecnecio (43)","isRevealed":false,"imagePath":null,"audioPath":null},{"question":"Ru","answer":"Rutenio (44)","isRevealed":false,"imagePath":null,"audioPath":null},{"question":"Rh","answer":"Rodio (45)","isRevealed":false,"imagePath":null,"audioPath":null},{"question":"Pd","answer":"Paladio (46)","isRevealed":false,"imagePath":null,"audioPath":null},{"question":"Ag","answer":"Plata (47)","isRevealed":false,"imagePath":null,"audioPath":null},{"question":"Cd","answer":"Cadmio (48)","isRevealed":false,"imagePath":null,"audioPath":null},{"question":"In","answer":"Indio (49)","isRevealed":false,"imagePath":null,"audioPath":null},{"question":"Sn","answer":"Estaño (50)","isRevealed":false,"imagePath":null,"audioPath":null},{"question":"Sb","answer":"Antimonio (51)","isRevealed":false,"imagePath":null,"audioPath":null},{"question":"Te","answer":"Telurio (52)","isRevealed":false,"imagePath":null,"audioPath":null},{"question":"I","answer":"Yodo (53)","isRevealed":false,"imagePath":null,"audioPath":null},{"question":"Xe","answer":"Xenón (54)","isRevealed":false,"imagePath":null,"audioPath":null},{"question":"Cs","answer":"Cesio (55)","isRevealed":false,"imagePath":null,"audioPath":null},{"question":"Ba","answer":"Bario (56)","isRevealed":false,"imagePath":null,"audioPath":null},{"question":"La","answer":"Lantano (57)","isRevealed":false,"imagePath":null,"audioPath":null},{"question":"Ce","answer":"Cerio (58)","isRevealed":false,"imagePath":null,"audioPath":null},{"question":"Pr","answer":"Praseodimio (59)","isRevealed":false,"imagePath":null,"audioPath":null},{"question":"Nd","answer":"Neodimio (60)","isRevealed":false,"imagePath":null,"audioPath":null},{"question":"Pm","answer":"Prometio (61)","isRevealed":false,"imagePath":null,"audioPath":null},{"question":"Sm","answer":"Samario (62)","isRevealed":false,"imagePath":null,"audioPath":null},{"question":"Eu","answer":"Europio (63)","isRevealed":false,"imagePath":null,"audioPath":null},{"question":"Gd","answer":"Gadolinio (64)","isRevealed":false,"imagePath":null,"audioPath":null},{"question":"Tb","answer":"Terbio (65)","isRevealed":false,"imagePath":null,"audioPath":null},{"question":"Dy","answer":"Disprosio (66)","isRevealed":false,"imagePath":null,"audioPath":null},{"question":"Ho","answer":"Holmio (67)","isRevealed":false,"imagePath":null,"audioPath":null},{"question":"Er","answer":"Erbio (68)","isRevealed":false,"imagePath":null,"audioPath":null},{"question":"Tm","answer":"Tulio (69)","isRevealed":false,"imagePath":null,"audioPath":null},{"question":"Yb","answer":"Iterbio (70)","isRevealed":false,"imagePath":null,"audioPath":null},{"question":"Lu","answer":"Lutecio (71)","isRevealed":false,"imagePath":null,"audioPath":null},{"question":"Hf","answer":"Hafnio (72)","isRevealed":false,"imagePath":null,"audioPath":null},{"question":"Ta","answer":"Tantalio (73)","isRevealed":false,"imagePath":null,"audioPath":null},{"question":"W","answer":"Wolframio (74)","isRevealed":false,"imagePath":null,"audioPath":null},{"question":"Re","answer":"Renio (75)","isRevealed":false,"imagePath":null,"audioPath":null},{"question":"Os","answer":"Osmio (76)","isRevealed":false,"imagePath":null,"audioPath":null},{"question":"Ir","answer":"Iridio (77)","isRevealed":false,"imagePath":null,"audioPath":null},{"question":"Pt","answer":"Platino (78)","isRevealed":false,"imagePath":null,"audioPath":null},{"question":"Au","answer":"Oro (79)","isRevealed":false,"imagePath":null,"audioPath":null},{"question":"Hg","answer":"Mercurio (80)","isRevealed":false,"imagePath":null,"audioPath":null},{"question":"Tl","answer":"Talio (81)","isRevealed":false,"imagePath":null,"audioPath":null},{"question":"Pb","answer":"Plomo (82)","isRevealed":false,"imagePath":null,"audioPath":null},{"question":"Bi","answer":"Bismuto (83)","isRevealed":false,"imagePath":null,"audioPath":null},{"question":"Po","answer":"Polonio (84)","isRevealed":false,"imagePath":null,"audioPath":null},{"question":"At","answer":"Astato (85)","isRevealed":false,"imagePath":null,"audioPath":null},{"question":"Rn","answer":"Radón (86)","isRevealed":false,"imagePath":null,"audioPath":null},{"question":"Fr","answer":"Francio (87)","isRevealed":false,"imagePath":null,"audioPath":null},{"question":"Ra","answer":"Radio (88)","isRevealed":false,"imagePath":null,"audioPath":null},{"question":"Ac","answer":"Actinio (89)","isRevealed":false,"imagePath":null,"audioPath":null},{"question":"Th","answer":"Torio (90)","isRevealed":false,"imagePath":null,"audioPath":null},{"question":"Pa","answer":"Protactinio (91)","isRevealed":false,"imagePath":null,"audioPath":null},{"question":"U","answer":"Uranio (92)","isRevealed":false,"imagePath":null,"audioPath":null},{"question":"Np","answer":"Neptunio (93)","isRevealed":false,"imagePath":null,"audioPath":null},{"question":"Pu","answer":"Plutonio (94)","isRevealed":false,"imagePath":null,"audioPath":null},{"question":"Am","answer":"Americio (95)","isRevealed":false,"imagePath":null,"audioPath":null},{"question":"Cm","answer":"Curio (96)","isRevealed":false,"imagePath":null,"audioPath":null},{"question":"Bk","answer":"Berkelio (97)","isRevealed":false,"imagePath":null,"audioPath":null},{"question":"Cf","answer":"Californio (98)","isRevealed":false,"imagePath":null,"audioPath":null},{"question":"Es","answer":"Einstenio (99)","isRevealed":false,"imagePath":null,"audioPath":null},{"question":"Fm","answer":"Fermio (100)","isRevealed":false,"imagePath":null,"audioPath":null},{"question":"Md","answer":"Mendelevio (101)","isRevealed":false,"imagePath":null,"audioPath":null},{"question":"No","answer":"Nobelio (102)","isRevealed":false,"imagePath":null,"audioPath":null},{"question":"Lr","answer":"Lawrencio (103)","isRevealed":false,"imagePath":null,"audioPath":null},{"question":"Rf","answer":"Rutherfordio (104)","isRevealed":false,"imagePath":null,"audioPath":null},{"question":"Db","answer":"Dubnio (105)","isRevealed":false,"imagePath":null,"audioPath":null},{"question":"Sg","answer":"Seaborgio (106)","isRevealed":false,"imagePath":null,"audioPath":null},{"question":"Bh","answer":"Bohrio (107)","isRevealed":false,"imagePath":null,"audioPath":null},{"question":"Hs","answer":"Hassio (108)","isRevealed":false,"imagePath":null,"audioPath":null},{"question":"Mt","answer":"Meitnerio (109)","isRevealed":false,"imagePath":null,"audioPath":null},{"question":"Ds","answer":"Darmstadtio (110)","isRevealed":false,"imagePath":null,"audioPath":null},{"question":"Rg","answer":"Roentgenio (111)","isRevealed":false,"imagePath":null,"audioPath":null},{"question":"Cn","answer":"Copernicio (112)","isRevealed":false,"imagePath":null,"audioPath":null},{"question":"Fl","answer":"Flerovio (114)","isRevealed":false,"imagePath":null,"audioPath":null},{"question":"Lv","answer":"Livermorio (116)","isRevealed":false,"imagePath":null,"audioPath":null},{"question":"Ts","answer":"Tenesino (117)","isRevealed":false,"imagePath":null,"audioPath":null},{"question":"Og","answer":"Oganesón (118)","isRevealed":false,"imagePath":null,"audioPath":null},{"question":"Nh","answer":"Nihonio (113)","isRevealed":false,"imagePath":null,"audioPath":null},{"question":"Mc","answer":"Moscovio (115)","isRevealed":false,"imagePath":null,"audioPath":null}],"knownFlashcards":[],"unknownFlashcards":[]}