{"name":"Capitales","studyingFlashcards":[{"question":"Emiratos Árabes Unidos","answer":"Abu Dabi","isRevealed":false,"imagePath":null,"audioPath":null},{"question":"Nigeria","answer":"Abuya","isRevealed":false,"imagePath":null,"audioPath":null},{"question":"Ghana","answer":"Acra","isRevealed":false,"imagePath":null,"audioPath":null},{"question":"Etiopía","answer":"Adís Abeba","isRevealed":false,"imagePath":null,"audioPath":null},{"question":"Jordania","answer":"Amán","isRevealed":false,"imagePath":null,"audioPath":null},{"question":"Países Bajos","answer":"Ámsterdam","isRevealed":false,"imagePath":null,"audioPath":null},{"question":"Andorra","answer":"Andorra la Vieja","isRevealed":false,"imagePath":null,"audioPath":null},{"question":"Turquía","answer":"Ankara","isRevealed":false,"imagePath":null,"audioPath":null},{"question":"Madagascar","answer":"Antananarivo","isRevealed":false,"imagePath":null,"audioPath":null},{"question":"Samoa","answer":"Apia","isRevealed":false,"imagePath":null,"audioPath":null},{"question":"Argelia","answer":"Argel","isRevealed":false,"imagePath":null,"audioPath":null},{"question":"Turkmenistán","answer":"Asjabad","isRevealed":false,"imagePath":null,"audioPath":null},{"question":"Eritrea","answer":"Asmara","isRevealed":false,"imagePath":null,"audioPath":null},{"question":"Kazajistán","answer":"Astaná","isRevealed":false,"imagePath":null,"audioPath":null},{"question":"Paraguay","answer":"Asunción","isRevealed":false,"imagePath":null,"audioPath":null},{"question":"Grecia","answer":"Atenas","isRevealed":false,"imagePath":null,"audioPath":null},{"question":"Irak","answer":"Bagdad","isRevealed":false,"imagePath":null,"audioPath":null},{"question":"Azerbaiyán","answer":"Bakú","isRevealed":false,"imagePath":null,"audioPath":null},{"question":"Malí","answer":"Bamako","isRevealed":false,"imagePath":null,"audioPath":null},{"question":"Brunéi","answer":"Bandar Seri Begawan","isRevealed":false,"imagePath":null,"audioPath":null},{"question":"Tailandia","answer":"Bangkok","isRevealed":false,"imagePath":null,"audioPath":null},{"question":"República Centroafricana","answer":"Bangui","isRevealed":false,"imagePath":null,"audioPath":null},{"question":"Gambia","answer":"Banjul","isRevealed":false,"imagePath":null,"audioPath":null},{"question":"San Cristóbal y Nieves","answer":"Basseterre","isRevealed":false,"imagePath":null,"audioPath":null},{"question":"Líbano","answer":"Beirut","isRevealed":false,"imagePath":null,"audioPath":null},{"question":"Serbia","answer":"Belgrado","isRevealed":false,"imagePath":null,"audioPath":null},{"question":"Belice","answer":"Belmopán","isRevealed":false,"imagePath":null,"audioPath":null},{"question":"Alemania","answer":"Berlín","isRevealed":false,"imagePath":null,"audioPath":null},{"question":"Suiza","answer":"Berna","isRevealed":false,"imagePath":null,"audioPath":null},{"question":"Guinea-Bisáu","answer":"Bisáu","isRevealed":false,"imagePath":null,"audioPath":null},{"question":"Kirguistán","answer":"Biskek","isRevealed":false,"imagePath":null,"audioPath":null},{"question":"República Sudafricana","answer":"Bloemfontein, Ciudad Del Cabo y Pretoria","isRevealed":false,"imagePath":null,"audioPath":null},{"question":"Colombia","answer":"Bogotá","isRevealed":false,"imagePath":null,"audioPath":null},{"question":"Brasil","answer":"Brasilia","isRevealed":false,"imagePath":null,"audioPath":null},{"question":"Eslovaquia","answer":"Bratislava","isRevealed":false,"imagePath":null,"audioPath":null},{"question":"República del Congo","answer":"Brazzaville","isRevealed":false,"imagePath":null,"audioPath":null},{"question":"Barbados","answer":"Bridgetown","isRevealed":false,"imagePath":null,"audioPath":null},{"question":"Bélgica","answer":"Bruselas","isRevealed":false,"imagePath":null,"audioPath":null},{"question":"Rumanía","answer":"Bucarest","isRevealed":false,"imagePath":null,"audioPath":null},{"question":"Hungría","answer":"Budapest","isRevealed":false,"imagePath":null,"audioPath":null},{"question":"Argentina","answer":"Buenos Aires","isRevealed":false,"imagePath":null,"audioPath":null},{"question":"Australia","answer":"Camberra","isRevealed":false,"imagePath":null,"audioPath":null},{"question":"Venezuela","answer":"Caracas","isRevealed":false,"imagePath":null,"audioPath":null},{"question":"Santa Lucía","answer":"Castries","isRevealed":false,"imagePath":null,"audioPath":null},{"question":"Moldavia","answer":"Chisináu","isRevealed":false,"imagePath":null,"audioPath":null},{"question":"Guatemala","answer":"Ciudad de Guatemala","isRevealed":false,"imagePath":null,"audioPath":null},{"question":"México","answer":"Ciudad de México","isRevealed":false,"imagePath":null,"audioPath":null},{"question":"Ciudad del Vaticano","answer":"Ciudad del Vaticano","isRevealed":false,"imagePath":null,"audioPath":null},{"question":"Guinea","answer":"Conakri","isRevealed":false,"imagePath":null,"audioPath":null},{"question":"Dinamarca","answer":"Copenhague","isRevealed":false,"imagePath":null,"audioPath":null},{"question":"Bangladés","answer":"Daca","isRevealed":false,"imagePath":null,"audioPath":null},{"question":"Senegal","answer":"Dakar","isRevealed":false,"imagePath":null,"audioPath":null},{"question":"Siria","answer":"Damasco","isRevealed":false,"imagePath":null,"audioPath":null},{"question":"Timor Oriental","answer":"Dili","isRevealed":false,"imagePath":null,"audioPath":null},{"question":"Tanzania","answer":"Dodoma","isRevealed":false,"imagePath":null,"audioPath":null},{"question":"Catar","answer":"Doha","isRevealed":false,"imagePath":null,"audioPath":null},{"question":"Irlanda","answer":"Dublín","isRevealed":false,"imagePath":null,"audioPath":null},{"question":"Tayikistán","answer":"Dusambé","isRevealed":false,"imagePath":null,"audioPath":null},{"question":"Egipto","answer":"El Cairo","isRevealed":false,"imagePath":null,"audioPath":null},{"question":"Armenia","answer":"Ereván","isRevealed":false,"imagePath":null,"audioPath":null},{"question":"Suecia","answer":"Estocolmo","isRevealed":false,"imagePath":null,"audioPath":null},{"question":"Sierra Leona","answer":"Freetown","isRevealed":false,"imagePath":null,"audioPath":null},{"question":"Botsuana","answer":"Gaborone","isRevealed":false,"imagePath":null,"audioPath":null},{"question":"Guyana","answer":"Georgetown","isRevealed":false,"imagePath":null,"audioPath":null},{"question":"Burundi","answer":"Gitega","isRevealed":false,"imagePath":null,"audioPath":null},{"question":"Zimbabue","answer":"Harare","isRevealed":false,"imagePath":null,"audioPath":null},{"question":"Finlandia","answer":"Helsinki","isRevealed":false,"imagePath":null,"audioPath":null},{"question":"Islas Salomón","answer":"Honiara","isRevealed":false,"imagePath":null,"audioPath":null},{"question":"Pakistán","answer":"Islamabad","isRevealed":false,"imagePath":null,"audioPath":null},{"question":"Sudán","answer":"Jartum","isRevealed":false,"imagePath":null,"audioPath":null},{"question":"Israel","answer":"Jerusalén","isRevealed":false,"imagePath":null,"audioPath":null},{"question":"Afganistán","answer":"Kabul","isRevealed":false,"imagePath":null,"audioPath":null},{"question":"Uganda","answer":"Kampala","isRevealed":false,"imagePath":null,"audioPath":null},{"question":"Nepal","answer":"Katmandú","isRevealed":false,"imagePath":null,"audioPath":null},{"question":"Ucrania","answer":"Kiev","isRevealed":false,"imagePath":null,"audioPath":null},{"question":"Ruanda","answer":"Kigali","isRevealed":false,"imagePath":null,"audioPath":null},{"question":"Jamaica","answer":"Kingston","isRevealed":false,"imagePath":null,"audioPath":null},{"question":"San Vicente y las Granadinas","answer":"Kingstown","isRevealed":false,"imagePath":null,"audioPath":null},{"question":"República Democrática del Congo","answer":"Kinsasa","isRevealed":false,"imagePath":null,"audioPath":null},{"question":"Malasia","answer":"Kuala Lumpur","isRevealed":false,"imagePath":null,"audioPath":null},{"question":"Kuwait","answer":"Kuwait","isRevealed":false,"imagePath":null,"audioPath":null},{"question":"Cuba","answer":"La Habana","isRevealed":false,"imagePath":null,"audioPath":null},{"question":"Malta","answer":"La Valeta","isRevealed":false,"imagePath":null,"audioPath":null},{"question":"Gabón","answer":"Libreville","isRevealed":false,"imagePath":null,"audioPath":null},{"question":"Malaui","answer":"Lilongüe","isRevealed":false,"imagePath":null,"audioPath":null},{"question":"Perú","answer":"Lima","isRevealed":false,"imagePath":null,"audioPath":null},{"question":"Portugal","answer":"Lisboa","isRevealed":false,"imagePath":null,"audioPath":null},{"question":"Eslovenia","answer":"Liubliana","isRevealed":false,"imagePath":null,"audioPath":null},{"question":"Togo","answer":"Lomé","isRevealed":false,"imagePath":null,"audioPath":null},{"question":"Reino Unido de Gran Bretaña e Irlanda del Norte","answer":"Londres","isRevealed":false,"imagePath":null,"audioPath":null},{"question":"Angola","answer":"Luanda","isRevealed":false,"imagePath":null,"audioPath":null},{"question":"Zambia","answer":"Lusaka","isRevealed":false,"imagePath":null,"audioPath":null},{"question":"Luxemburgo","answer":"Luxemburgo","isRevealed":false,"imagePath":null,"audioPath":null},{"question":"España","answer":"Madrid","isRevealed":false,"imagePath":null,"audioPath":null},{"question":"Islas Marshall","answer":"Majuro","isRevealed":false,"imagePath":null,"audioPath":null},{"question":"Guinea Ecuatorial","answer":"Malabo","isRevealed":false,"imagePath":null,"audioPath":null},{"question":"Nicaragua","answer":"Managua","isRevealed":false,"imagePath":null,"audioPath":null},{"question":"Baréin","answer":"Manama","isRevealed":false,"imagePath":null,"audioPath":null},{"question":"Filipinas","answer":"Manila","isRevealed":false,"imagePath":null,"audioPath":null},{"question":"Mozambique","answer":"Maputo","isRevealed":false,"imagePath":null,"audioPath":null},{"question":"Omán","answer":"Mascate","isRevealed":false,"imagePath":null,"audioPath":null},{"question":"Lesoto","answer":"Maseru","isRevealed":false,"imagePath":null,"audioPath":null},{"question":"Bielorrusia","answer":"Minsk","isRevealed":false,"imagePath":null,"audioPath":null},{"question":"Somalia","answer":"Mogadiscio","isRevealed":false,"imagePath":null,"audioPath":null},{"question":"Mónaco","answer":"Mónaco","isRevealed":false,"imagePath":null,"audioPath":null},{"question":"Liberia","answer":"Monrovia","isRevealed":false,"imagePath":null,"audioPath":null},{"question":"Uruguay","answer":"Montevideo","isRevealed":false,"imagePath":null,"audioPath":null},{"question":"Comoras","answer":"Moroni","isRevealed":false,"imagePath":null,"audioPath":null},{"question":"Rusia","answer":"Moscú","isRevealed":false,"imagePath":null,"audioPath":null},{"question":"Birmania","answer":"Naipyidó","isRevealed":false,"imagePath":null,"audioPath":null},{"question":"Kenia","answer":"Nairobi","isRevealed":false,"imagePath":null,"audioPath":null},{"question":"Bahamas","answer":"Nassau","isRevealed":false,"imagePath":null,"audioPath":null},{"question":"Níger","answer":"Niamey","isRevealed":false,"imagePath":null,"audioPath":null},{"question":"Chipre","answer":"Nicosia","isRevealed":false,"imagePath":null,"audioPath":null},{"question":"Camboya","answer":"Nom Pen","isRevealed":false,"imagePath":null,"audioPath":null},{"question":"Mauritania","answer":"Nuakchot","isRevealed":false,"imagePath":null,"audioPath":null},{"question":"India","answer":"Nueva Delhi","isRevealed":false,"imagePath":null,"audioPath":null},{"question":"Tonga","answer":"Nukualofa","isRevealed":false,"imagePath":null,"audioPath":null},{"question":"Noruega","answer":"Oslo","isRevealed":false,"imagePath":null,"audioPath":null},{"question":"Canadá","answer":"Ottawa","isRevealed":false,"imagePath":null,"audioPath":null},{"question":"Micronesia","answer":"Palikir","isRevealed":false,"imagePath":null,"audioPath":null},{"question":"Panamá","answer":"Panamá","isRevealed":false,"imagePath":null,"audioPath":null},{"question":"Surinam","answer":"Paramaribo","isRevealed":false,"imagePath":null,"audioPath":null},{"question":"Francia","answer":"París","isRevealed":false,"imagePath":null,"audioPath":null},{"question":"China","answer":"Pekín","isRevealed":false,"imagePath":null,"audioPath":null},{"question":"Corea del Norte","answer":"Pionyang","isRevealed":false,"imagePath":null,"audioPath":null},{"question":"Montenegro","answer":"Podgorica","isRevealed":false,"imagePath":null,"audioPath":null},{"question":"Papúa Nueva Guinea","answer":"Port Moresby","isRevealed":false,"imagePath":null,"audioPath":null},{"question":"Vanuatu","answer":"Port Vila","isRevealed":false,"imagePath":null,"audioPath":null},{"question":"Mauricio","answer":"Port-Louis","isRevealed":false,"imagePath":null,"audioPath":null},{"question":"Benín","answer":"Porto Novo y Cotonú","isRevealed":false,"imagePath":null,"audioPath":null},{"question":"República Checa","answer":"Praga","isRevealed":false,"imagePath":null,"audioPath":null},{"question":"Trinidad y Tobago","answer":"Puerto España","isRevealed":false,"imagePath":null,"audioPath":null},{"question":"Haití","answer":"Puerto Príncipe","isRevealed":false,"imagePath":null,"audioPath":null},{"question":"Ecuador","answer":"Quito","isRevealed":false,"imagePath":null,"audioPath":null},{"question":"Marruecos","answer":"Rabat","isRevealed":false,"imagePath":null,"audioPath":null},{"question":"Islandia","answer":"Reikiavik","isRevealed":false,"imagePath":null,"audioPath":null},{"question":"Arabia Saudita","answer":"Riad","isRevealed":false,"imagePath":null,"audioPath":null},{"question":"Letonia","answer":"Riga","isRevealed":false,"imagePath":null,"audioPath":null},{"question":"Italia","answer":"Roma","isRevealed":false,"imagePath":null,"audioPath":null},{"question":"Dominica","answer":"Roseau","isRevealed":false,"imagePath":null,"audioPath":null},{"question":"Granada","answer":"Saint George","isRevealed":false,"imagePath":null,"audioPath":null},{"question":"Antigua y Barbuda","answer":"Saint John","isRevealed":false,"imagePath":null,"audioPath":null},{"question":"Costa Rica","answer":"San José","isRevealed":false,"imagePath":null,"audioPath":null},{"question":"San Marino","answer":"San Marino","isRevealed":false,"imagePath":null,"audioPath":null},{"question":"El Salvador","answer":"San Salvador","isRevealed":false,"imagePath":null,"audioPath":null},{"question":"Yemen","answer":"Saná","isRevealed":false,"imagePath":null,"audioPath":null},{"question":"Chile","answer":"Santiago de Chile","isRevealed":false,"imagePath":null,"audioPath":null},{"question":"República Dominicana","answer":"Santo Domingo","isRevealed":false,"imagePath":null,"audioPath":null},{"question":"Santo Tomé y Príncipe","answer":"Santo Tomé","isRevealed":false,"imagePath":null,"audioPath":null},{"question":"Bosnia y Herzegovina","answer":"Sarajevo","isRevealed":false,"imagePath":null,"audioPath":null},{"question":"Corea del Sur","answer":"Seúl","isRevealed":false,"imagePath":null,"audioPath":null},{"question":"Singapur","answer":"Singapur","isRevealed":false,"imagePath":null,"audioPath":null},{"question":"Macedonia del Norte","answer":"Skopie","isRevealed":false,"imagePath":null,"audioPath":null},{"question":"Bulgaria","answer":"Sofía","isRevealed":false,"imagePath":null,"audioPath":null},{"question":"Sri Lanka","answer":"Sri Jayewardenepura (capital administrativa) y Colombo (capital comercial)","isRevealed":false,"imagePath":null,"audioPath":null},{"question":"Bolivia","answer":"Sucre","isRevealed":false,"imagePath":null,"audioPath":null},{"question":"Fiyi","answer":"Suva","isRevealed":false,"imagePath":null,"audioPath":null},{"question":"Estonia","answer":"Tallin","isRevealed":false,"imagePath":null,"audioPath":null},{"question":"Kiribati","answer":"Tarawa","isRevealed":false,"imagePath":null,"audioPath":null},{"question":"Uzbekistán","answer":"Taskent","isRevealed":false,"imagePath":null,"audioPath":null},{"question":"Honduras","answer":"Tegucigalpa","isRevealed":false,"imagePath":null,"audioPath":null},{"question":"Irán","answer":"Teherán","isRevealed":false,"imagePath":null,"audioPath":null},{"question":"Georgia","answer":"Tiflis","isRevealed":false,"imagePath":null,"audioPath":null},{"question":"Bután","answer":"Timbu","isRevealed":false,"imagePath":null,"audioPath":null},{"question":"Albania","answer":"Tirana","isRevealed":false,"imagePath":null,"audioPath":null},{"question":"Japón","answer":"Tokio","isRevealed":false,"imagePath":null,"audioPath":null},{"question":"Libia","answer":"Trípoli","isRevealed":false,"imagePath":null,"audioPath":null},{"question":"Túnez","answer":"Túnez","isRevealed":false,"imagePath":null,"audioPath":null},{"question":"Burkina Faso","answer":"Uagadugú","isRevealed":false,"imagePath":null,"audioPath":null},{"question":"Mongolia","answer":"Ulán Bator","isRevealed":false,"imagePath":null,"audioPath":null},{"question":"Liechtenstein","answer":"Vaduz","isRevealed":false,"imagePath":null,"audioPath":null},{"question":"Polonia","answer":"Varsovia","isRevealed":false,"imagePath":null,"audioPath":null},{"question":"Seychelles","answer":"Victoria","isRevealed":false,"imagePath":null,"audioPath":null},{"question":"Austria","answer":"Viena","isRevealed":false,"imagePath":null,"audioPath":null},{"question":"Laos","answer":"Vientián","isRevealed":false,"imagePath":null,"audioPath":null},{"question":"Lituania","answer":"Vilna","isRevealed":false,"imagePath":null,"audioPath":null},{"question":"Estados Unidos","answer":"Washington D","isRevealed":false,"imagePath":null,"audioPath":null},{"question":"Nueva Zelanda","answer":"Wellington","isRevealed":false,"imagePath":null,"audioPath":null},{"question":"Namibia","answer":"Windhoek","isRevealed":false,"imagePath":null,"audioPath":null},{"question":"Indonesia","answer":"Yakarta","isRevealed":false,"imagePath":null,"audioPath":null},{"question":"Chad","answer":"Yamena","isRevealed":false,"imagePath":null,"audioPath":null},{"question":"Costa de Marfil","answer":"Yamusukro","isRevealed":false,"imagePath":null,"audioPath":null},{"question":"Nauru","answer":"Yaren","isRevealed":false,"imagePath":null,"audioPath":null},{"question":"Camerún","answer":"Yaundé","isRevealed":false,"imagePath":null,"audioPath":null},{"question":"Yibuti","answer":"Yibuti","isRevealed":false,"imagePath":null,"audioPath":null},{"question":"Sudán del Sur","answer":"Yuba","isRevealed":false,"imagePath":null,"audioPath":null},{"question":"Croacia","answer":"Zagreb","isRevealed":false,"imagePath":null,"audioPath":null},{"question":"Suazilandia","answer":"Babane y Lobamba","isRevealed":false,"imagePath":null,"audioPath":null},{"question":"Tuvalu","answer":"Fongafale","isRevealed":false,"imagePath":null,"audioPath":null},{"question":"Vietnam","answer":"Hanói","isRevealed":false,"imagePath":null,"audioPath":null},{"question":"Maldivas","answer":"Malé","isRevealed":false,"imagePath":null,"audioPath":null},{"question":"Palaos","answer":"Melekeok","isRevealed":false,"imagePath":null,"audioPath":null},{"question":"Cabo Verde","answer":"Praia","isRevealed":false,"imagePath":null,"audioPath":null}],"knownFlashcards":[],"unknownFlashcards":[]}