{"name":"Alfabeto coreano","studyingFlashcards":[{"question":"ㅏ","answer":"a [a]","isRevealed":false,"imagePath":null,"audioPath":null},{"question":"ㅓ","answer":"eo [ʌ]","isRevealed":false,"imagePath":null,"audioPath":null},{"question":"ㅗ","answer":"o [o]","isRevealed":false,"imagePath":null,"audioPath":null},{"question":"ㅜ","answer":"u [u]","isRevealed":false,"imagePath":null,"audioPath":null},{"question":"ㅡ","answer":"eu [ɯ]","isRevealed":false,"imagePath":null,"audioPath":null},{"question":"ㅐ","answer":"ae [ɛ]","isRevealed":false,"imagePath":null,"audioPath":null},{"question":"ㅔ","answer":"e [e]","isRevealed":false,"imagePath":null,"audioPath":null},{"question":"ㅘ","answer":"wa [wa]","isRevealed":false,"imagePath":null,"audioPath":null},{"question":"ㅝ","answer":"wo [wʌ]","isRevealed":false,"imagePath":null,"audioPath":null},{"question":"ㅚ","answer":"oe [we]","isRevealed":false,"imagePath":null,"audioPath":null},{"question":"ㅟ","answer":"wi [ɥi]","isRevealed":false,"imagePath":null,"audioPath":null},{"question":"ㅢ","answer":"ui [ɰi]","isRevealed":false,"imagePath":null,"audioPath":null},{"question":"ㅑ","answer":"ya [ja]","isRevealed":false,"imagePath":null,"audioPath":null},{"question":"ㅕ","answer":"yeo [jʌ]","isRevealed":false,"imagePath":null,"audioPath":null},{"question":"ㅛ","answer":"yo [jo]","isRevealed":false,"imagePath":null,"audioPath":null},{"question":"ㅠ","answer":"yu [ju]","isRevealed":false,"imagePath":null,"audioPath":null},{"question":"ㅣ","answer":"i [i]","isRevealed":false,"imagePath":null,"audioPath":null},{"question":"ㅒ","answer":"yae [jɛ]","isRevealed":false,"imagePath":null,"audioPath":null},{"question":"ㅖ","answer":"ye [je]","isRevealed":false,"imagePath":null,"audioPath":null},{"question":"ㅙ","answer":"wae [wɛ]","isRevealed":false,"imagePath":null,"audioPath":null},{"question":"ㅞ","answer":"we [we]","isRevealed":false,"imagePath":null,"audioPath":null},{"question":"ᄀ","answer":"g [k]","isRevealed":false,"imagePath":null,"audioPath":null},{"question":"ᄃ","answer":"d [t]","isRevealed":false,"imagePath":null,"audioPath":null},{"question":"ᄇ","answer":"b [p]","isRevealed":false,"imagePath":null,"audioPath":null},{"question":"ᄉ","answer":"s [s]","isRevealed":false,"imagePath":null,"audioPath":null},{"question":"ᄌ","answer":"j [ʨ]","isRevealed":false,"imagePath":null,"audioPath":null},{"question":"ᄆ","answer":"m [m]","isRevealed":false,"imagePath":null,"audioPath":null},{"question":"ᄂ","answer":"n [n]","isRevealed":false,"imagePath":null,"audioPath":null},{"question":"ᄅ","answer":"r [l]","isRevealed":false,"imagePath":null,"audioPath":null},{"question":"ᄒ","answer":"h [h]","isRevealed":false,"imagePath":null,"audioPath":null},{"question":"ᄋ","answer":"–","isRevealed":false,"imagePath":null,"audioPath":null},{"question":"ᄏ","answer":"k  [kʰ]","isRevealed":false,"imagePath":null,"audioPath":null},{"question":"ᄐ","answer":"t  [tʰ]","isRevealed":false,"imagePath":null,"audioPath":null},{"question":"ᄑ","answer":"p  [pʰ]","isRevealed":false,"imagePath":null,"audioPath":null},{"question":"ᄎ","answer":"ch  [ʨʰ]","isRevealed":false,"imagePath":null,"audioPath":null},{"question":"ᄁ","answer":"kk [k͈]","isRevealed":false,"imagePath":null,"audioPath":null},{"question":"ᄄ","answer":"tt [t͈]","isRevealed":false,"imagePath":null,"audioPath":null},{"question":"ᄈ","answer":"pp [p͈]","isRevealed":false,"imagePath":null,"audioPath":null},{"question":"ᄊ","answer":"ss [s͈]","isRevealed":false,"imagePath":null,"audioPath":null},{"question":"ᄍ","answer":"jj [ʨ͈]","isRevealed":false,"imagePath":null,"audioPath":null},{"question":"Si el valor fonético de la consonante final es /ㄱ,ㄷ,ㅂ/ y la siguiente sílaba comienza con las consonantes nasales \"ㄴ\" o \"ㅁ\":","answer":"Las consonantes finales /ㄱ,ㄷ,ㅂ/ se pronuncian como [ㅇ,ㄴ,ㅁ].","isRevealed":false,"imagePath":null,"audioPath":null},{"question":"Cuando las consonantes \"ㅌ, ㅊ, ㅈ, ㅅ, ㅆ, ㅎ\" ocupan la última posicion como consonante final, el valor fonético de estas es [ㄷ]. Y si la consonante de la silaba que lo sigue es \"ㄴ\" o \"ㅁ:","answer":"Se aplica la regla de asimilacion nasal. Pero no se realiza ningun cambio en las letras.","isRevealed":false,"imagePath":null,"audioPath":null},{"question":"Cuando la consonante \"ㄴ\" viene antes o después de la consonante \"ㄹ\":","answer":"La \"ㄴ\" se pronuncia como \"ㄹ\".","isRevealed":false,"imagePath":null,"audioPath":null},{"question":"Cuando una sílaba finaliza con las consonantes \"ㄷ\" o \"ㅌ\" y la siguiente sílaba comienza con la vocal \"이\":","answer":"Las consonantes finales [ㄷ,ㅌ] se pronuncian como [ㅈ].","isRevealed":false,"imagePath":null,"audioPath":null},{"question":"Si una sílaba termina con alguna de las consonantes \"ㄱ,ㄲ,ㅋ,ㄷ,ㅌ,ㅅ,ㅆ,ㅈ,ㅊ,ㅂ,ㅍ\" y la siguiente sílaba comienza con las consonantes \"ㄱ,ㄷ,ㅂ,ㅅ,ㅈ\":","answer":"Las consonantes de la segunda sílaba se pronuncian como consonantes tensas \"ㄲ,ㄸ,ㅃ,ㅆ,ㅉ\".","isRevealed":false,"imagePath":null,"audioPath":null},{"question":"Si las consonantes \"ㄱ,ㄷ,ㅂ,ㅈ\" vienen delante o detras de la \"ㅎ\":","answer":"Estas se juntan y se pronuncian como consonantes aspiradas \"ㅋ,ㅌ,ㅍ,ㅊ\".","isRevealed":false,"imagePath":null,"audioPath":null},{"question":"Pero si la consonante final es \"ㅈ\" y la siguiente sílaba comienza con la \"ㅎ\":","answer":"La consonante final \"ㅈ\" se convierte primero en \"ㄷ\" y luego al sumarse con \"ㅎ\" se forma la \"ㅌ\".","isRevealed":false,"imagePath":null,"audioPath":null}],"knownFlashcards":[],"unknownFlashcards":[]}