{"name":"Dioses Olimpicos","studyingFlashcards":[{"question":"Rey de los dioses y gobernante del monte Olimpo, dios del cielo y el trueno.","answer":"Zeus","isRevealed":false,"imagePath":null,"audioPath":null},{"question":"Reina de los dioses y diosa del matrimonio y la familia. Hija menor de Crono y Rea. Esposa y hermana de Zeus.","answer":"Hera","isRevealed":false,"imagePath":null,"audioPath":null},{"question":"Señor de los mares, los terremotos y los caballos.","answer":"Poseidón","isRevealed":false,"imagePath":null,"audioPath":null},{"question":"Dios de la música y las bellas artes, de la luz, el sol, la medicina, la belleza, el conocimiento, la poesía, la profecía y el tiro con arco.","answer":"Apolo","isRevealed":false,"imagePath":null,"audioPath":null},{"question":"Virgen diosa de la sabiduría, la artesanía, la defensa y la guerra estratégica.","answer":"Atenea","isRevealed":false,"imagePath":null,"audioPath":null},{"question":"Diosa del amor, la belleza y el deseo.","answer":"Afrodita","isRevealed":false,"imagePath":null,"audioPath":null},{"question":"Dios de la guerra, la fuerza, la virilidad masculina, y el derramamiento de sangre.","answer":"Ares","isRevealed":false,"imagePath":null,"audioPath":null},{"question":"Dios del vino, las celebraciones y el éxtasis.","answer":"Dioniso","isRevealed":false,"imagePath":null,"audioPath":null},{"question":"Mensajero de los dioses, dios del comercio y la retórica.","answer":"Hermes","isRevealed":false,"imagePath":null,"audioPath":null},{"question":"Diosa virgen de la caza, la virginidad, el parto, el tiro con arco y todos los animales.","answer":"Artemisa","isRevealed":false,"imagePath":null,"audioPath":null},{"question":"Maestro herrero y artesano de los dioses, dios del fuego y la forja.","answer":"Hefesto","isRevealed":false,"imagePath":null,"audioPath":null},{"question":"Diosa de la fertilidad, la agricultura, la naturaleza y las estaciones del año.","answer":"Deméter","isRevealed":false,"imagePath":null,"audioPath":null},{"question":"Dios del inframundo, de los muertos y las riquezas de la tierra","answer":"Hades","isRevealed":false,"imagePath":null,"audioPath":null},{"question":"Diosa del hogar, del correcto orden de lo doméstico y de la familia.","answer":"Hestia","isRevealed":false,"imagePath":null,"audioPath":null},{"question":"El dios de la medicina y la curación.","answer":"Asclepio","isRevealed":false,"imagePath":null,"audioPath":null},{"question":"El dios del amor sexual y la belleza.","answer":"Eros","isRevealed":false,"imagePath":null,"audioPath":null},{"question":"Hija de Zeus y Hera. Hebe era la escanciadora (encargada de servir la bebida) de los dioses y diosas del monte Olimpo,","answer":"Hebe","isRevealed":false,"imagePath":null,"audioPath":null},{"question":"Un héroe divino (semidios), hijo de Zeus y Alcmena, hijo adoptivo de Anfitrión y bisnieto (y hermanastro) de Perseo","answer":"Heracles","isRevealed":false,"imagePath":null,"audioPath":null},{"question":"El dios de las estepas, los pastores y los rebaños, de las montañas salvajes, la caza y la música rústica, así como el compañero de las ninfas.","answer":"Pan","isRevealed":false,"imagePath":null,"audioPath":null},{"question":"Hija de Deméter y Zeus. Diosa de la primavera. Fue secuestrada por Hades, quien la llevó al inframundo.","answer":"Perséfone","isRevealed":false,"imagePath":null,"audioPath":null},{"question":"Equivalente Romano de Zeus:","answer":"Júpiter","isRevealed":false,"imagePath":null,"audioPath":null},{"question":"Equivalente Romano de Hera:","answer":"Juno","isRevealed":false,"imagePath":null,"audioPath":null},{"question":"Equivalente Romano de Poseidón:","answer":"Neptuno","isRevealed":false,"imagePath":null,"audioPath":null},{"question":"Equivalente Romano de Apolo:","answer":"El mismo o Febo","isRevealed":false,"imagePath":null,"audioPath":null},{"question":"Equivalente Romano de Atenea:","answer":"Minerva","isRevealed":false,"imagePath":null,"audioPath":null},{"question":"Equivalente Romano de Afrodita:","answer":"Venus","isRevealed":false,"imagePath":null,"audioPath":null},{"question":"Equivalente Romano de Ares:","answer":"Marte","isRevealed":false,"imagePath":null,"audioPath":null},{"question":"Equivalente Romano de Dioniso:","answer":"Baco","isRevealed":false,"imagePath":null,"audioPath":null},{"question":"Equivalente Romano de Hermes:","answer":"Mercurio","isRevealed":false,"imagePath":null,"audioPath":null},{"question":"Equivalente Romano de Artemisa:","answer":"Diana","isRevealed":false,"imagePath":null,"audioPath":null},{"question":"Equivalente Romano de Hefesto:","answer":"Vulcano","isRevealed":false,"imagePath":null,"audioPath":null},{"question":"Equivalente Romano de Deméter:","answer":"Ceres","isRevealed":false,"imagePath":null,"audioPath":null},{"question":"Equivalente Romano de Hades:","answer":"Plutón","isRevealed":false,"imagePath":null,"audioPath":null},{"question":"Equivalente Romano de Hestia:","answer":"Vesta","isRevealed":false,"imagePath":null,"audioPath":null},{"question":"Equivalente Romano de Asclepio:","answer":"Vejovis","isRevealed":false,"imagePath":null,"audioPath":null},{"question":"Equivalente Romano de Eros:","answer":"Cupido","isRevealed":false,"imagePath":null,"audioPath":null},{"question":"Equivalente Romano de Hebe:","answer":"Juventas","isRevealed":false,"imagePath":null,"audioPath":null},{"question":"Equivalente Romano de Heracles:","answer":"Hércules","isRevealed":false,"imagePath":null,"audioPath":null},{"question":"Equivalente Romano de Pan:","answer":"Fauno/Silvano","isRevealed":false,"imagePath":null,"audioPath":null},{"question":"Equivalente Romano de Perséfone:","answer":"Proserpina","isRevealed":false,"imagePath":null,"audioPath":null},{"question":"Equivalente Griego de Júpiter:","answer":"Zeus","isRevealed":false,"imagePath":null,"audioPath":null},{"question":"Equivalente Griego de Juno:","answer":"Hera","isRevealed":false,"imagePath":null,"audioPath":null},{"question":"Equivalente Griego de Neptuno:","answer":"Poseidón","isRevealed":false,"imagePath":null,"audioPath":null},{"question":"Equivalente Griego de Febo (tambien se usaba el nombre Griego):","answer":"Apolo","isRevealed":false,"imagePath":null,"audioPath":null},{"question":"Equivalente Griego de Minerva:","answer":"Atenea","isRevealed":false,"imagePath":null,"audioPath":null},{"question":"Equivalente Griego de Venus:","answer":"Afrodita","isRevealed":false,"imagePath":null,"audioPath":null},{"question":"Equivalente Griego de Marte:","answer":"Ares","isRevealed":false,"imagePath":null,"audioPath":null},{"question":"Equivalente Griego de Baco:","answer":"Dioniso","isRevealed":false,"imagePath":null,"audioPath":null},{"question":"Equivalente Griego de Mercurio:","answer":"Hermes","isRevealed":false,"imagePath":null,"audioPath":null},{"question":"Equivalente Griego de Diana:","answer":"Artemisa","isRevealed":false,"imagePath":null,"audioPath":null},{"question":"Equivalente Griego de Vulcano:","answer":"Hefesto","isRevealed":false,"imagePath":null,"audioPath":null},{"question":"Equivalente Griego de Ceres:","answer":"Deméter","isRevealed":false,"imagePath":null,"audioPath":null},{"question":"Equivalente Griego de Plutón:","answer":"Hades","isRevealed":false,"imagePath":null,"audioPath":null},{"question":"Equivalente Griego de Vesta:","answer":"Hestia","isRevealed":false,"imagePath":null,"audioPath":null},{"question":"Equivalente Griego de Vejovis:","answer":"Asclepio","isRevealed":false,"imagePath":null,"audioPath":null},{"question":"Equivalente Griego de Cupido:","answer":"Eros","isRevealed":false,"imagePath":null,"audioPath":null},{"question":"Equivalente Griego de Juventas:","answer":"Hebe","isRevealed":false,"imagePath":null,"audioPath":null},{"question":"Equivalente Griego de Hércules:","answer":"Heracles","isRevealed":false,"imagePath":null,"audioPath":null},{"question":"Equivalente Griego de Fauno/Silvano:","answer":"Pan","isRevealed":false,"imagePath":null,"audioPath":null},{"question":"Equivalente Griego de Proserpina:","answer":"Perséfone","isRevealed":false,"imagePath":null,"audioPath":null}],"knownFlashcards":[],"unknownFlashcards":[]}