{"name":"Sedes mundiales de futbol","studyingFlashcards":[{"question":"1930","answer":"Uruguay","isRevealed":false,"imagePath":null,"audioPath":null},{"question":"1934","answer":"Italia","isRevealed":false,"imagePath":null,"audioPath":null},{"question":"1938","answer":"Francia","isRevealed":false,"imagePath":null,"audioPath":null},{"question":"1950","answer":"Brasil","isRevealed":false,"imagePath":null,"audioPath":null},{"question":"1954","answer":"Suiza","isRevealed":false,"imagePath":null,"audioPath":null},{"question":"1958","answer":"Suecia","isRevealed":false,"imagePath":null,"audioPath":null},{"question":"1962","answer":"Chile","isRevealed":false,"imagePath":null,"audioPath":null},{"question":"1966","answer":"Inglaterra","isRevealed":false,"imagePath":null,"audioPath":null},{"question":"1970","answer":"México","isRevealed":false,"imagePath":null,"audioPath":null},{"question":"1974","answer":"Alemania","isRevealed":false,"imagePath":null,"audioPath":null},{"question":"1978","answer":"Argentina","isRevealed":false,"imagePath":null,"audioPath":null},{"question":"1982","answer":"España","isRevealed":false,"imagePath":null,"audioPath":null},{"question":"1986","answer":"México","isRevealed":false,"imagePath":null,"audioPath":null},{"question":"1990","answer":"Italia","isRevealed":false,"imagePath":null,"audioPath":null},{"question":"1994","answer":"Estados Unidos","isRevealed":false,"imagePath":null,"audioPath":null},{"question":"1998","answer":"Francia","isRevealed":false,"imagePath":null,"audioPath":null},{"question":"2002","answer":"Corea del Sur y Japón","isRevealed":false,"imagePath":null,"audioPath":null},{"question":"2006","answer":"Alemania","isRevealed":false,"imagePath":null,"audioPath":null},{"question":"2010","answer":"Sudáfrica","isRevealed":false,"imagePath":null,"audioPath":null},{"question":"2014","answer":"Brasil","isRevealed":false,"imagePath":null,"audioPath":null},{"question":"2018","answer":"Rusia","isRevealed":false,"imagePath":null,"audioPath":null},{"question":"2022","answer":"Catar","isRevealed":false,"imagePath":null,"audioPath":null}],"knownFlashcards":[],"unknownFlashcards":[]}