{"name":"Tablas de multiplicar","studyingFlashcards":[{"question":"1×1","answer":"1","isRevealed":false,"imagePath":null,"audioPath":null},{"question":"1×2","answer":"2","isRevealed":false,"imagePath":null,"audioPath":null},{"question":"1×3","answer":"3","isRevealed":false,"imagePath":null,"audioPath":null},{"question":"1×4","answer":"4","isRevealed":false,"imagePath":null,"audioPath":null},{"question":"1×5","answer":"5","isRevealed":false,"imagePath":null,"audioPath":null},{"question":"1×6","answer":"6","isRevealed":false,"imagePath":null,"audioPath":null},{"question":"1×7","answer":"7","isRevealed":false,"imagePath":null,"audioPath":null},{"question":"1×8","answer":"8","isRevealed":false,"imagePath":null,"audioPath":null},{"question":"1×9","answer":"9","isRevealed":false,"imagePath":null,"audioPath":null},{"question":"1×10","answer":"10","isRevealed":false,"imagePath":null,"audioPath":null},{"question":"1×11","answer":"11","isRevealed":false,"imagePath":null,"audioPath":null},{"question":"1×12","answer":"12","isRevealed":false,"imagePath":null,"audioPath":null},{"question":"2×1","answer":"2","isRevealed":false,"imagePath":null,"audioPath":null},{"question":"2×2","answer":"4","isRevealed":false,"imagePath":null,"audioPath":null},{"question":"2×3","answer":"6","isRevealed":false,"imagePath":null,"audioPath":null},{"question":"2×4","answer":"8","isRevealed":false,"imagePath":null,"audioPath":null},{"question":"2×5","answer":"10","isRevealed":false,"imagePath":null,"audioPath":null},{"question":"2×6","answer":"12","isRevealed":false,"imagePath":null,"audioPath":null},{"question":"2×7","answer":"14","isRevealed":false,"imagePath":null,"audioPath":null},{"question":"2×8","answer":"16","isRevealed":false,"imagePath":null,"audioPath":null},{"question":"2×9","answer":"18","isRevealed":false,"imagePath":null,"audioPath":null},{"question":"2×10","answer":"20","isRevealed":false,"imagePath":null,"audioPath":null},{"question":"2×11","answer":"22","isRevealed":false,"imagePath":null,"audioPath":null},{"question":"2×12","answer":"24","isRevealed":false,"imagePath":null,"audioPath":null},{"question":"3×1","answer":"3","isRevealed":false,"imagePath":null,"audioPath":null},{"question":"3×2","answer":"6","isRevealed":false,"imagePath":null,"audioPath":null},{"question":"3×3","answer":"9","isRevealed":false,"imagePath":null,"audioPath":null},{"question":"3×4","answer":"12","isRevealed":false,"imagePath":null,"audioPath":null},{"question":"3×5","answer":"15","isRevealed":false,"imagePath":null,"audioPath":null},{"question":"3×6","answer":"18","isRevealed":false,"imagePath":null,"audioPath":null},{"question":"3×7","answer":"21","isRevealed":false,"imagePath":null,"audioPath":null},{"question":"3×8","answer":"24","isRevealed":false,"imagePath":null,"audioPath":null},{"question":"3×9","answer":"27","isRevealed":false,"imagePath":null,"audioPath":null},{"question":"3×10","answer":"30","isRevealed":false,"imagePath":null,"audioPath":null},{"question":"3×11","answer":"33","isRevealed":false,"imagePath":null,"audioPath":null},{"question":"3×12","answer":"36","isRevealed":false,"imagePath":null,"audioPath":null},{"question":"4×1","answer":"4","isRevealed":false,"imagePath":null,"audioPath":null},{"question":"4×2","answer":"8","isRevealed":false,"imagePath":null,"audioPath":null},{"question":"4×3","answer":"12","isRevealed":false,"imagePath":null,"audioPath":null},{"question":"4×4","answer":"16","isRevealed":false,"imagePath":null,"audioPath":null},{"question":"4×5","answer":"20","isRevealed":false,"imagePath":null,"audioPath":null},{"question":"4×6","answer":"24","isRevealed":false,"imagePath":null,"audioPath":null},{"question":"4×7","answer":"28","isRevealed":false,"imagePath":null,"audioPath":null},{"question":"4×8","answer":"32","isRevealed":false,"imagePath":null,"audioPath":null},{"question":"4×9","answer":"36","isRevealed":false,"imagePath":null,"audioPath":null},{"question":"4×10","answer":"40","isRevealed":false,"imagePath":null,"audioPath":null},{"question":"4×11","answer":"44","isRevealed":false,"imagePath":null,"audioPath":null},{"question":"4×12","answer":"48","isRevealed":false,"imagePath":null,"audioPath":null},{"question":"5×1","answer":"5","isRevealed":false,"imagePath":null,"audioPath":null},{"question":"5×2","answer":"10","isRevealed":false,"imagePath":null,"audioPath":null},{"question":"5×3","answer":"15","isRevealed":false,"imagePath":null,"audioPath":null},{"question":"5×4","answer":"20","isRevealed":false,"imagePath":null,"audioPath":null},{"question":"5×5","answer":"25","isRevealed":false,"imagePath":null,"audioPath":null},{"question":"5×6","answer":"30","isRevealed":false,"imagePath":null,"audioPath":null},{"question":"5×7","answer":"35","isRevealed":false,"imagePath":null,"audioPath":null},{"question":"5×8","answer":"40","isRevealed":false,"imagePath":null,"audioPath":null},{"question":"5×9","answer":"45","isRevealed":false,"imagePath":null,"audioPath":null},{"question":"5×10","answer":"50","isRevealed":false,"imagePath":null,"audioPath":null},{"question":"5×11","answer":"55","isRevealed":false,"imagePath":null,"audioPath":null},{"question":"5×12","answer":"60","isRevealed":false,"imagePath":null,"audioPath":null},{"question":"6×1","answer":"6","isRevealed":false,"imagePath":null,"audioPath":null},{"question":"6×2","answer":"12","isRevealed":false,"imagePath":null,"audioPath":null},{"question":"6×3","answer":"18","isRevealed":false,"imagePath":null,"audioPath":null},{"question":"6×4","answer":"24","isRevealed":false,"imagePath":null,"audioPath":null},{"question":"6×5","answer":"30","isRevealed":false,"imagePath":null,"audioPath":null},{"question":"6×6","answer":"36","isRevealed":false,"imagePath":null,"audioPath":null},{"question":"6×7","answer":"42","isRevealed":false,"imagePath":null,"audioPath":null},{"question":"6×8","answer":"48","isRevealed":false,"imagePath":null,"audioPath":null},{"question":"6×9","answer":"54","isRevealed":false,"imagePath":null,"audioPath":null},{"question":"6×10","answer":"60","isRevealed":false,"imagePath":null,"audioPath":null},{"question":"6×11","answer":"66","isRevealed":false,"imagePath":null,"audioPath":null},{"question":"6×12","answer":"72","isRevealed":false,"imagePath":null,"audioPath":null},{"question":"7×1","answer":"7","isRevealed":false,"imagePath":null,"audioPath":null},{"question":"7×2","answer":"14","isRevealed":false,"imagePath":null,"audioPath":null},{"question":"7×3","answer":"21","isRevealed":false,"imagePath":null,"audioPath":null},{"question":"7×4","answer":"28","isRevealed":false,"imagePath":null,"audioPath":null},{"question":"7×5","answer":"35","isRevealed":false,"imagePath":null,"audioPath":null},{"question":"7×6","answer":"42","isRevealed":false,"imagePath":null,"audioPath":null},{"question":"7×7","answer":"49","isRevealed":false,"imagePath":null,"audioPath":null},{"question":"7×8","answer":"56","isRevealed":false,"imagePath":null,"audioPath":null},{"question":"7×9","answer":"63","isRevealed":false,"imagePath":null,"audioPath":null},{"question":"7×10","answer":"70","isRevealed":false,"imagePath":null,"audioPath":null},{"question":"7×11","answer":"77","isRevealed":false,"imagePath":null,"audioPath":null},{"question":"7×12","answer":"84","isRevealed":false,"imagePath":null,"audioPath":null},{"question":"8×1","answer":"8","isRevealed":false,"imagePath":null,"audioPath":null},{"question":"8×2","answer":"16","isRevealed":false,"imagePath":null,"audioPath":null},{"question":"8×3","answer":"24","isRevealed":false,"imagePath":null,"audioPath":null},{"question":"8×4","answer":"32","isRevealed":false,"imagePath":null,"audioPath":null},{"question":"8×5","answer":"40","isRevealed":false,"imagePath":null,"audioPath":null},{"question":"8×6","answer":"48","isRevealed":false,"imagePath":null,"audioPath":null},{"question":"8×7","answer":"56","isRevealed":false,"imagePath":null,"audioPath":null},{"question":"8×8","answer":"64","isRevealed":false,"imagePath":null,"audioPath":null},{"question":"8×9","answer":"72","isRevealed":false,"imagePath":null,"audioPath":null},{"question":"8×10","answer":"80","isRevealed":false,"imagePath":null,"audioPath":null},{"question":"8×11","answer":"88","isRevealed":false,"imagePath":null,"audioPath":null},{"question":"8×12","answer":"96","isRevealed":false,"imagePath":null,"audioPath":null},{"question":"9×1","answer":"9","isRevealed":false,"imagePath":null,"audioPath":null},{"question":"9×2","answer":"18","isRevealed":false,"imagePath":null,"audioPath":null},{"question":"9×3","answer":"27","isRevealed":false,"imagePath":null,"audioPath":null},{"question":"9×4","answer":"36","isRevealed":false,"imagePath":null,"audioPath":null},{"question":"9×5","answer":"45","isRevealed":false,"imagePath":null,"audioPath":null},{"question":"9×6","answer":"54","isRevealed":false,"imagePath":null,"audioPath":null},{"question":"9×7","answer":"63","isRevealed":false,"imagePath":null,"audioPath":null},{"question":"9×8","answer":"72","isRevealed":false,"imagePath":null,"audioPath":null},{"question":"9×9","answer":"81","isRevealed":false,"imagePath":null,"audioPath":null},{"question":"9×10","answer":"90","isRevealed":false,"imagePath":null,"audioPath":null},{"question":"9×11","answer":"99","isRevealed":false,"imagePath":null,"audioPath":null},{"question":"9×12","answer":"108","isRevealed":false,"imagePath":null,"audioPath":null},{"question":"10×1","answer":"10","isRevealed":false,"imagePath":null,"audioPath":null},{"question":"10×2","answer":"20","isRevealed":false,"imagePath":null,"audioPath":null},{"question":"10×3","answer":"30","isRevealed":false,"imagePath":null,"audioPath":null},{"question":"10×4","answer":"40","isRevealed":false,"imagePath":null,"audioPath":null},{"question":"10×5","answer":"50","isRevealed":false,"imagePath":null,"audioPath":null},{"question":"10×6","answer":"60","isRevealed":false,"imagePath":null,"audioPath":null},{"question":"10×7","answer":"70","isRevealed":false,"imagePath":null,"audioPath":null},{"question":"10×8","answer":"80","isRevealed":false,"imagePath":null,"audioPath":null},{"question":"10×9","answer":"90","isRevealed":false,"imagePath":null,"audioPath":null},{"question":"10×10","answer":"100","isRevealed":false,"imagePath":null,"audioPath":null},{"question":"10×11","answer":"110","isRevealed":false,"imagePath":null,"audioPath":null},{"question":"10×12","answer":"120","isRevealed":false,"imagePath":null,"audioPath":null},{"question":"11×1","answer":"11","isRevealed":false,"imagePath":null,"audioPath":null},{"question":"11×2","answer":"22","isRevealed":false,"imagePath":null,"audioPath":null},{"question":"11×3","answer":"33","isRevealed":false,"imagePath":null,"audioPath":null},{"question":"11×4","answer":"44","isRevealed":false,"imagePath":null,"audioPath":null},{"question":"11×5","answer":"55","isRevealed":false,"imagePath":null,"audioPath":null},{"question":"11×6","answer":"66","isRevealed":false,"imagePath":null,"audioPath":null},{"question":"11×7","answer":"77","isRevealed":false,"imagePath":null,"audioPath":null},{"question":"11×8","answer":"88","isRevealed":false,"imagePath":null,"audioPath":null},{"question":"11×9","answer":"99","isRevealed":false,"imagePath":null,"audioPath":null},{"question":"11×10","answer":"110","isRevealed":false,"imagePath":null,"audioPath":null},{"question":"11×11","answer":"121","isRevealed":false,"imagePath":null,"audioPath":null},{"question":"11×12","answer":"132","isRevealed":false,"imagePath":null,"audioPath":null},{"question":"12×1","answer":"12","isRevealed":false,"imagePath":null,"audioPath":null},{"question":"12×2","answer":"24","isRevealed":false,"imagePath":null,"audioPath":null},{"question":"12×3","answer":"36","isRevealed":false,"imagePath":null,"audioPath":null},{"question":"12×4","answer":"48","isRevealed":false,"imagePath":null,"audioPath":null},{"question":"12×5","answer":"60","isRevealed":false,"imagePath":null,"audioPath":null},{"question":"12×6","answer":"72","isRevealed":false,"imagePath":null,"audioPath":null},{"question":"12×7","answer":"84","isRevealed":false,"imagePath":null,"audioPath":null},{"question":"12×8","answer":"96","isRevealed":false,"imagePath":null,"audioPath":null},{"question":"12×9","answer":"108","isRevealed":false,"imagePath":null,"audioPath":null},{"question":"12×10","answer":"120","isRevealed":false,"imagePath":null,"audioPath":null},{"question":"12×11","answer":"132","isRevealed":false,"imagePath":null,"audioPath":null},{"question":"12×12","answer":"144","isRevealed":false,"imagePath":null,"audioPath":null}],"knownFlashcards":[],"unknownFlashcards":[]}