{"name":"Devanagari","studyingFlashcards":[{"question":"अ","answer":"a","isRevealed":false,"imagePath":null,"audioPath":null},{"question":"आ","answer":"aa","isRevealed":false,"imagePath":null,"audioPath":null},{"question":"इ","answer":"i","isRevealed":false,"imagePath":null,"audioPath":null},{"question":"ई","answer":"ii","isRevealed":false,"imagePath":null,"audioPath":null},{"question":"उ","answer":"u","isRevealed":false,"imagePath":null,"audioPath":null},{"question":"ऊ","answer":"uu","isRevealed":false,"imagePath":null,"audioPath":null},{"question":"ऋ","answer":"r (v)","isRevealed":false,"imagePath":null,"audioPath":null},{"question":"ॠ","answer":"rr","isRevealed":false,"imagePath":null,"audioPath":null},{"question":"ऌ","answer":"l (v)","isRevealed":false,"imagePath":null,"audioPath":null},{"question":"ॡ","answer":"ll","isRevealed":false,"imagePath":null,"audioPath":null},{"question":"ऍ","answer":"e chandra","isRevealed":false,"imagePath":null,"audioPath":null},{"question":"ऎ","answer":"e corta","isRevealed":false,"imagePath":null,"audioPath":null},{"question":"ए","answer":"e","isRevealed":false,"imagePath":null,"audioPath":null},{"question":"ऐ","answer":"ai","isRevealed":false,"imagePath":null,"audioPath":null},{"question":"ऑ","answer":"o chandra","isRevealed":false,"imagePath":null,"audioPath":null},{"question":"ऒ","answer":"o corta","isRevealed":false,"imagePath":null,"audioPath":null},{"question":"ओ","answer":"o","isRevealed":false,"imagePath":null,"audioPath":null},{"question":"औ","answer":"au","isRevealed":false,"imagePath":null,"audioPath":null},{"question":"प्","answer":"virama","isRevealed":false,"imagePath":null,"audioPath":null},{"question":"पँ","answer":"chandrabindu","isRevealed":false,"imagePath":null,"audioPath":null},{"question":"पं","answer":"anuswara","isRevealed":false,"imagePath":null,"audioPath":null},{"question":"पः","answer":"visarga","isRevealed":false,"imagePath":null,"audioPath":null},{"question":"प़","answer":"nukta","isRevealed":false,"imagePath":null,"audioPath":null},{"question":"पऽ","answer":"avagraha","isRevealed":false,"imagePath":null,"audioPath":null},{"question":"क","answer":"k","isRevealed":false,"imagePath":null,"audioPath":null},{"question":"ख","answer":"kh","isRevealed":false,"imagePath":null,"audioPath":null},{"question":"ग","answer":"g","isRevealed":false,"imagePath":null,"audioPath":null},{"question":"घ","answer":"gh","isRevealed":false,"imagePath":null,"audioPath":null},{"question":"ङ","answer":"ṅ","isRevealed":false,"imagePath":null,"audioPath":null},{"question":"च","answer":"c","isRevealed":false,"imagePath":null,"audioPath":null},{"question":"छ","answer":"ch","isRevealed":false,"imagePath":null,"audioPath":null},{"question":"ज","answer":"j","isRevealed":false,"imagePath":null,"audioPath":null},{"question":"झ","answer":"jh","isRevealed":false,"imagePath":null,"audioPath":null},{"question":"ञ","answer":"ñ","isRevealed":false,"imagePath":null,"audioPath":null},{"question":"ट","answer":"ṭ","isRevealed":false,"imagePath":null,"audioPath":null},{"question":"ठ","answer":"ṭh","isRevealed":false,"imagePath":null,"audioPath":null},{"question":"ड","answer":"ḍ","isRevealed":false,"imagePath":null,"audioPath":null},{"question":"ढ","answer":"ḍh","isRevealed":false,"imagePath":null,"audioPath":null},{"question":"ण","answer":"ṇ","isRevealed":false,"imagePath":null,"audioPath":null},{"question":"त","answer":"t","isRevealed":false,"imagePath":null,"audioPath":null},{"question":"थ","answer":"th","isRevealed":false,"imagePath":null,"audioPath":null},{"question":"द","answer":"d","isRevealed":false,"imagePath":null,"audioPath":null},{"question":"ध","answer":"dh","isRevealed":false,"imagePath":null,"audioPath":null},{"question":"न","answer":"n","isRevealed":false,"imagePath":null,"audioPath":null},{"question":"प","answer":"p","isRevealed":false,"imagePath":null,"audioPath":null},{"question":"फ","answer":"ph","isRevealed":false,"imagePath":null,"audioPath":null},{"question":"ब","answer":"b","isRevealed":false,"imagePath":null,"audioPath":null},{"question":"भ","answer":"bh","isRevealed":false,"imagePath":null,"audioPath":null},{"question":"म","answer":"m","isRevealed":false,"imagePath":null,"audioPath":null},{"question":"य","answer":"y","isRevealed":false,"imagePath":null,"audioPath":null},{"question":"र","answer":"r","isRevealed":false,"imagePath":null,"audioPath":null},{"question":"ल","answer":"l","isRevealed":false,"imagePath":null,"audioPath":null},{"question":"ळ","answer":"ḷ","isRevealed":false,"imagePath":null,"audioPath":null},{"question":"व","answer":"v","isRevealed":false,"imagePath":null,"audioPath":null},{"question":"श","answer":"ś","isRevealed":false,"imagePath":null,"audioPath":null},{"question":"ष","answer":"ṣ","isRevealed":false,"imagePath":null,"audioPath":null},{"question":"स","answer":"s","isRevealed":false,"imagePath":null,"audioPath":null},{"question":"ह","answer":"h","isRevealed":false,"imagePath":null,"audioPath":null},{"question":"०","answer":"0","isRevealed":false,"imagePath":null,"audioPath":null},{"question":"१","answer":"1","isRevealed":false,"imagePath":null,"audioPath":null},{"question":"२","answer":"2","isRevealed":false,"imagePath":null,"audioPath":null},{"question":"३","answer":"3","isRevealed":false,"imagePath":null,"audioPath":null},{"question":"४","answer":"4","isRevealed":false,"imagePath":null,"audioPath":null},{"question":"५","answer":"5","isRevealed":false,"imagePath":null,"audioPath":null},{"question":"६","answer":"6","isRevealed":false,"imagePath":null,"audioPath":null},{"question":"७","answer":"7","isRevealed":false,"imagePath":null,"audioPath":null},{"question":"८","answer":"8","isRevealed":false,"imagePath":null,"audioPath":null},{"question":"९","answer":"9","isRevealed":false,"imagePath":null,"audioPath":null},{"question":"a","answer":"अ","isRevealed":false,"imagePath":null,"audioPath":null},{"question":"aa","answer":"आ","isRevealed":false,"imagePath":null,"audioPath":null},{"question":"i","answer":"इ","isRevealed":false,"imagePath":null,"audioPath":null},{"question":"ii","answer":"ई","isRevealed":false,"imagePath":null,"audioPath":null},{"question":"u","answer":"उ","isRevealed":false,"imagePath":null,"audioPath":null},{"question":"uu","answer":"ऊ","isRevealed":false,"imagePath":null,"audioPath":null},{"question":"r (v)","answer":"ऋ","isRevealed":false,"imagePath":null,"audioPath":null},{"question":"rr","answer":"ॠ","isRevealed":false,"imagePath":null,"audioPath":null},{"question":"l (v)","answer":"ऌ","isRevealed":false,"imagePath":null,"audioPath":null},{"question":"ll","answer":"ॡ","isRevealed":false,"imagePath":null,"audioPath":null},{"question":"e chandra","answer":"ऍ","isRevealed":false,"imagePath":null,"audioPath":null},{"question":"e corta","answer":"ऎ","isRevealed":false,"imagePath":null,"audioPath":null},{"question":"e","answer":"ए","isRevealed":false,"imagePath":null,"audioPath":null},{"question":"ai","answer":"ऐ","isRevealed":false,"imagePath":null,"audioPath":null},{"question":"o chandra","answer":"ऑ","isRevealed":false,"imagePath":null,"audioPath":null},{"question":"o corta","answer":"ऒ","isRevealed":false,"imagePath":null,"audioPath":null},{"question":"o","answer":"ओ","isRevealed":false,"imagePath":null,"audioPath":null},{"question":"au","answer":"औ","isRevealed":false,"imagePath":null,"audioPath":null},{"question":"virama","answer":"प्","isRevealed":false,"imagePath":null,"audioPath":null},{"question":"chandrabindu","answer":"पँ","isRevealed":false,"imagePath":null,"audioPath":null},{"question":"anuswara","answer":"पं","isRevealed":false,"imagePath":null,"audioPath":null},{"question":"visarga","answer":"पः","isRevealed":false,"imagePath":null,"audioPath":null},{"question":"nukta","answer":"प़","isRevealed":false,"imagePath":null,"audioPath":null},{"question":"avagraha","answer":"पऽ","isRevealed":false,"imagePath":null,"audioPath":null},{"question":"k","answer":"क","isRevealed":false,"imagePath":null,"audioPath":null},{"question":"kh","answer":"ख","isRevealed":false,"imagePath":null,"audioPath":null},{"question":"g","answer":"ग","isRevealed":false,"imagePath":null,"audioPath":null},{"question":"gh","answer":"घ","isRevealed":false,"imagePath":null,"audioPath":null},{"question":"ṅ","answer":"ङ","isRevealed":false,"imagePath":null,"audioPath":null},{"question":"c","answer":"च","isRevealed":false,"imagePath":null,"audioPath":null},{"question":"ch","answer":"छ","isRevealed":false,"imagePath":null,"audioPath":null},{"question":"j","answer":"ज","isRevealed":false,"imagePath":null,"audioPath":null},{"question":"jh","answer":"झ","isRevealed":false,"imagePath":null,"audioPath":null},{"question":"ñ","answer":"ञ","isRevealed":false,"imagePath":null,"audioPath":null},{"question":"ṭ","answer":"ट","isRevealed":false,"imagePath":null,"audioPath":null},{"question":"ṭh","answer":"ठ","isRevealed":false,"imagePath":null,"audioPath":null},{"question":"ḍ","answer":"ड","isRevealed":false,"imagePath":null,"audioPath":null},{"question":"ḍh","answer":"ढ","isRevealed":false,"imagePath":null,"audioPath":null},{"question":"ṇ","answer":"ण","isRevealed":false,"imagePath":null,"audioPath":null},{"question":"t","answer":"त","isRevealed":false,"imagePath":null,"audioPath":null},{"question":"th","answer":"थ","isRevealed":false,"imagePath":null,"audioPath":null},{"question":"d","answer":"द","isRevealed":false,"imagePath":null,"audioPath":null},{"question":"dh","answer":"ध","isRevealed":false,"imagePath":null,"audioPath":null},{"question":"n","answer":"न","isRevealed":false,"imagePath":null,"audioPath":null},{"question":"p","answer":"प","isRevealed":false,"imagePath":null,"audioPath":null},{"question":"ph","answer":"फ","isRevealed":false,"imagePath":null,"audioPath":null},{"question":"b","answer":"ब","isRevealed":false,"imagePath":null,"audioPath":null},{"question":"bh","answer":"भ","isRevealed":false,"imagePath":null,"audioPath":null},{"question":"m","answer":"म","isRevealed":false,"imagePath":null,"audioPath":null},{"question":"y","answer":"य","isRevealed":false,"imagePath":null,"audioPath":null},{"question":"r","answer":"र","isRevealed":false,"imagePath":null,"audioPath":null},{"question":"l","answer":"ल","isRevealed":false,"imagePath":null,"audioPath":null},{"question":"ḷ","answer":"ळ","isRevealed":false,"imagePath":null,"audioPath":null},{"question":"v","answer":"व","isRevealed":false,"imagePath":null,"audioPath":null},{"question":"ś","answer":"श","isRevealed":false,"imagePath":null,"audioPath":null},{"question":"ṣ","answer":"ष","isRevealed":false,"imagePath":null,"audioPath":null},{"question":"s","answer":"स","isRevealed":false,"imagePath":null,"audioPath":null},{"question":"h","answer":"ह","isRevealed":false,"imagePath":null,"audioPath":null},{"question":"0","answer":"०","isRevealed":false,"imagePath":null,"audioPath":null},{"question":"1","answer":"१","isRevealed":false,"imagePath":null,"audioPath":null},{"question":"2","answer":"२","isRevealed":false,"imagePath":null,"audioPath":null},{"question":"3","answer":"३","isRevealed":false,"imagePath":null,"audioPath":null},{"question":"4","answer":"४","isRevealed":false,"imagePath":null,"audioPath":null},{"question":"5","answer":"५","isRevealed":false,"imagePath":null,"audioPath":null},{"question":"6","answer":"६","isRevealed":false,"imagePath":null,"audioPath":null},{"question":"7","answer":"७","isRevealed":false,"imagePath":null,"audioPath":null},{"question":"8","answer":"८","isRevealed":false,"imagePath":null,"audioPath":null},{"question":"9","answer":"९","isRevealed":false,"imagePath":null,"audioPath":null}],"knownFlashcards":[],"unknownFlashcards":[]}