{"name":"Inglés vocabulario A2","studyingFlashcards":[{"question":"Yes","answer":"Sí","isRevealed":false,"imagePath":null,"audioPath":null},{"question":"Please","answer":"Por favor","isRevealed":false,"imagePath":null,"audioPath":null},{"question":"Thank you","answer":"Gracias","isRevealed":false,"imagePath":null,"audioPath":null},{"question":"You're welcome","answer":"De nada","isRevealed":false,"imagePath":null,"audioPath":null},{"question":"Excuse me","answer":"Perdón / Con permiso","isRevealed":false,"imagePath":null,"audioPath":null},{"question":"I'm sorry","answer":"Lo siento","isRevealed":false,"imagePath":null,"audioPath":null},{"question":"What is your name?","answer":"¿Cómo te llamas?","isRevealed":false,"imagePath":null,"audioPath":null},{"question":"I'm fine","answer":"Estoy bien","isRevealed":false,"imagePath":null,"audioPath":null},{"question":"And you?","answer":"¿Y tú?","isRevealed":false,"imagePath":null,"audioPath":null},{"question":"Mr.","answer":"Señor","isRevealed":false,"imagePath":null,"audioPath":null},{"question":"Mrs.","answer":"Señora","isRevealed":false,"imagePath":null,"audioPath":null},{"question":"Miss","answer":"Señorita","isRevealed":false,"imagePath":null,"audioPath":null},{"question":"A boy","answer":"Un niño","isRevealed":false,"imagePath":null,"audioPath":null},{"question":"A girl","answer":"Una niña","isRevealed":false,"imagePath":null,"audioPath":null},{"question":"A man","answer":"Un hombre","isRevealed":false,"imagePath":null,"audioPath":null},{"question":"A woman","answer":"Una mujer","isRevealed":false,"imagePath":null,"audioPath":null},{"question":"Zero","answer":"Cero","isRevealed":false,"imagePath":null,"audioPath":null},{"question":"Thirty","answer":"Treinta","isRevealed":false,"imagePath":null,"audioPath":null},{"question":"Forty","answer":"Cuarenta","isRevealed":false,"imagePath":null,"audioPath":null},{"question":"Fifty","answer":"Cincuenta","isRevealed":false,"imagePath":null,"audioPath":null},{"question":"Sixty","answer":"Sesenta","isRevealed":false,"imagePath":null,"audioPath":null},{"question":"Seventy","answer":"Setenta","isRevealed":false,"imagePath":null,"audioPath":null},{"question":"Eighty","answer":"Ochenta","isRevealed":false,"imagePath":null,"audioPath":null},{"question":"Ninety","answer":"Noventa","isRevealed":false,"imagePath":null,"audioPath":null},{"question":"One hundred","answer":"Cien","isRevealed":false,"imagePath":null,"audioPath":null},{"question":"January","answer":"Enero","isRevealed":false,"imagePath":null,"audioPath":null},{"question":"February","answer":"Febrero","isRevealed":false,"imagePath":null,"audioPath":null},{"question":"March","answer":"Marzo","isRevealed":false,"imagePath":null,"audioPath":null},{"question":"April","answer":"Abril","isRevealed":false,"imagePath":null,"audioPath":null},{"question":"May","answer":"Mayo","isRevealed":false,"imagePath":null,"audioPath":null},{"question":"June","answer":"Junio","isRevealed":false,"imagePath":null,"audioPath":null},{"question":"July","answer":"Julio","isRevealed":false,"imagePath":null,"audioPath":null},{"question":"August","answer":"Agosto","isRevealed":false,"imagePath":null,"audioPath":null},{"question":"September","answer":"Septiembre","isRevealed":false,"imagePath":null,"audioPath":null},{"question":"October","answer":"Octubre","isRevealed":false,"imagePath":null,"audioPath":null},{"question":"November","answer":"Noviembre","isRevealed":false,"imagePath":null,"audioPath":null},{"question":"December","answer":"Diciembre","isRevealed":false,"imagePath":null,"audioPath":null},{"question":"Spring","answer":"Primavera","isRevealed":false,"imagePath":null,"audioPath":null},{"question":"Summer","answer":"Verano","isRevealed":false,"imagePath":null,"audioPath":null},{"question":"Autumn","answer":"Otoño","isRevealed":false,"imagePath":null,"audioPath":null},{"question":"Winter","answer":"Invierno","isRevealed":false,"imagePath":null,"audioPath":null},{"question":"What time is it?","answer":"¿Qué hora es?","isRevealed":false,"imagePath":null,"audioPath":null},{"question":"It's one o'clock","answer":"Es la una","isRevealed":false,"imagePath":null,"audioPath":null},{"question":"It's two o'clock","answer":"Son las dos","isRevealed":false,"imagePath":null,"audioPath":null},{"question":"It's half past three","answer":"Son las tres y media","isRevealed":false,"imagePath":null,"audioPath":null},{"question":"It's quarter past four","answer":"Son las cuatro y cuarto","isRevealed":false,"imagePath":null,"audioPath":null},{"question":"It's quarter to five","answer":"Son las cinco menos cuarto","isRevealed":false,"imagePath":null,"audioPath":null},{"question":"Later","answer":"Más tarde","isRevealed":false,"imagePath":null,"audioPath":null},{"question":"Next week","answer":"La próxima semana","isRevealed":false,"imagePath":null,"audioPath":null},{"question":"Last week","answer":"La semana pasada","isRevealed":false,"imagePath":null,"audioPath":null},{"question":"A country","answer":"Un país","isRevealed":false,"imagePath":null,"audioPath":null},{"question":"A city","answer":"Una ciudad","isRevealed":false,"imagePath":null,"audioPath":null},{"question":"A town","answer":"Un pueblo","isRevealed":false,"imagePath":null,"audioPath":null},{"question":"A village","answer":"Una aldea","isRevealed":false,"imagePath":null,"audioPath":null},{"question":"Street","answer":"Calle","isRevealed":false,"imagePath":null,"audioPath":null},{"question":"Road","answer":"Carretera","isRevealed":false,"imagePath":null,"audioPath":null},{"question":"Square","answer":"Plaza","isRevealed":false,"imagePath":null,"audioPath":null},{"question":"Bridge","answer":"Puente","isRevealed":false,"imagePath":null,"audioPath":null},{"question":"Flat","answer":"Apartamento","isRevealed":false,"imagePath":null,"audioPath":null},{"question":"Room","answer":"Habitación","isRevealed":false,"imagePath":null,"audioPath":null},{"question":"Kitchen","answer":"Cocina","isRevealed":false,"imagePath":null,"audioPath":null},{"question":"Bathroom","answer":"Cuarto de baño","isRevealed":false,"imagePath":null,"audioPath":null},{"question":"Bedroom","answer":"Dormitorio","isRevealed":false,"imagePath":null,"audioPath":null},{"question":"Living room","answer":"Salón","isRevealed":false,"imagePath":null,"audioPath":null},{"question":"Garden","answer":"Jardín","isRevealed":false,"imagePath":null,"audioPath":null},{"question":"Door","answer":"Puerta","isRevealed":false,"imagePath":null,"audioPath":null},{"question":"Window","answer":"Ventana","isRevealed":false,"imagePath":null,"audioPath":null},{"question":"Table","answer":"Mesa","isRevealed":false,"imagePath":null,"audioPath":null},{"question":"Chair","answer":"Silla","isRevealed":false,"imagePath":null,"audioPath":null},{"question":"Bed","answer":"Cama","isRevealed":false,"imagePath":null,"audioPath":null},{"question":"Book","answer":"Libro","isRevealed":false,"imagePath":null,"audioPath":null},{"question":"Pen","answer":"Bolígrafo","isRevealed":false,"imagePath":null,"audioPath":null},{"question":"Pencil","answer":"Lápiz","isRevealed":false,"imagePath":null,"audioPath":null},{"question":"Paper","answer":"Papel","isRevealed":false,"imagePath":null,"audioPath":null},{"question":"Bag","answer":"Bolsa","isRevealed":false,"imagePath":null,"audioPath":null},{"question":"Map","answer":"Mapa","isRevealed":false,"imagePath":null,"audioPath":null},{"question":"Passport","answer":"Pasaporte","isRevealed":false,"imagePath":null,"audioPath":null},{"question":"Money","answer":"Dinero","isRevealed":false,"imagePath":null,"audioPath":null},{"question":"Children","answer":"Niños / Hijos","isRevealed":false,"imagePath":null,"audioPath":null},{"question":"Husband","answer":"Esposo / Marido","isRevealed":false,"imagePath":null,"audioPath":null},{"question":"Wife","answer":"Esposa / Mujer","isRevealed":false,"imagePath":null,"audioPath":null},{"question":"Grandfather","answer":"Abuelo","isRevealed":false,"imagePath":null,"audioPath":null},{"question":"Grandmother","answer":"Abuela","isRevealed":false,"imagePath":null,"audioPath":null},{"question":"Friend","answer":"Amigo/a","isRevealed":false,"imagePath":null,"audioPath":null},{"question":"A person","answer":"Una persona","isRevealed":false,"imagePath":null,"audioPath":null},{"question":"Name","answer":"Nombre","isRevealed":false,"imagePath":null,"audioPath":null},{"question":"Address","answer":"Dirección","isRevealed":false,"imagePath":null,"audioPath":null},{"question":"Phone number","answer":"Número de teléfono","isRevealed":false,"imagePath":null,"audioPath":null},{"question":"Age","answer":"Edad","isRevealed":false,"imagePath":null,"audioPath":null},{"question":"Birthday","answer":"Cumpleaños","isRevealed":false,"imagePath":null,"audioPath":null},{"question":"Job","answer":"Trabajo","isRevealed":false,"imagePath":null,"audioPath":null},{"question":"Teacher","answer":"Profesor/a","isRevealed":false,"imagePath":null,"audioPath":null},{"question":"Student","answer":"Estudiante","isRevealed":false,"imagePath":null,"audioPath":null},{"question":"Doctor","answer":"Médico","isRevealed":false,"imagePath":null,"audioPath":null},{"question":"Nurse","answer":"Enfermero/a","isRevealed":false,"imagePath":null,"audioPath":null},{"question":"To come","answer":"Venir","isRevealed":false,"imagePath":null,"audioPath":null},{"question":"To see","answer":"Ver","isRevealed":false,"imagePath":null,"audioPath":null},{"question":"To look","answer":"Mirar","isRevealed":false,"imagePath":null,"audioPath":null},{"question":"To say","answer":"Decir","isRevealed":false,"imagePath":null,"audioPath":null},{"question":"To tell","answer":"Contar","isRevealed":false,"imagePath":null,"audioPath":null},{"question":"To know","answer":"Saber / Conocer","isRevealed":false,"imagePath":null,"audioPath":null},{"question":"To want","answer":"Querer","isRevealed":false,"imagePath":null,"audioPath":null},{"question":"To love","answer":"Amar / Encantar","isRevealed":false,"imagePath":null,"audioPath":null},{"question":"To read","answer":"Leer","isRevealed":false,"imagePath":null,"audioPath":null},{"question":"To write","answer":"Escribir","isRevealed":false,"imagePath":null,"audioPath":null},{"question":"To listen","answer":"Escuchar","isRevealed":false,"imagePath":null,"audioPath":null},{"question":"To hear","answer":"Oír","isRevealed":false,"imagePath":null,"audioPath":null},{"question":"To study","answer":"Estudiar","isRevealed":false,"imagePath":null,"audioPath":null},{"question":"To learn","answer":"Aprender","isRevealed":false,"imagePath":null,"audioPath":null},{"question":"To understand","answer":"Entender","isRevealed":false,"imagePath":null,"audioPath":null},{"question":"To think","answer":"Pensar","isRevealed":false,"imagePath":null,"audioPath":null},{"question":"To open","answer":"Abrir","isRevealed":false,"imagePath":null,"audioPath":null},{"question":"To close","answer":"Cerrar","isRevealed":false,"imagePath":null,"audioPath":null},{"question":"To buy","answer":"Comprar","isRevealed":false,"imagePath":null,"audioPath":null},{"question":"To sell","answer":"Vender","isRevealed":false,"imagePath":null,"audioPath":null},{"question":"To wear","answer":"Llevar puesto","isRevealed":false,"imagePath":null,"audioPath":null},{"question":"To pay","answer":"Pagar","isRevealed":false,"imagePath":null,"audioPath":null},{"question":"To play","answer":"Jugar","isRevealed":false,"imagePath":null,"audioPath":null},{"question":"Beautiful","answer":"Hermoso","isRevealed":false,"imagePath":null,"audioPath":null},{"question":"Ugly","answer":"Feo","isRevealed":false,"imagePath":null,"audioPath":null},{"question":"Rich","answer":"Rico","isRevealed":false,"imagePath":null,"audioPath":null},{"question":"Poor","answer":"Pobre","isRevealed":false,"imagePath":null,"audioPath":null},{"question":"Fast","answer":"Rápido","isRevealed":false,"imagePath":null,"audioPath":null},{"question":"Slow","answer":"Lento","isRevealed":false,"imagePath":null,"audioPath":null},{"question":"Interesting","answer":"Interesante","isRevealed":false,"imagePath":null,"audioPath":null},{"question":"Boring","answer":"Aburrido","isRevealed":false,"imagePath":null,"audioPath":null},{"question":"Tired","answer":"Cansado","isRevealed":false,"imagePath":null,"audioPath":null},{"question":"Near","answer":"Cerca","isRevealed":false,"imagePath":null,"audioPath":null},{"question":"Far","answer":"Lejos","isRevealed":false,"imagePath":null,"audioPath":null},{"question":"Hard","answer":"Duro","isRevealed":false,"imagePath":null,"audioPath":null},{"question":"Soft","answer":"Blando","isRevealed":false,"imagePath":null,"audioPath":null},{"question":"Thin","answer":"Delgado","isRevealed":false,"imagePath":null,"audioPath":null},{"question":"Fat","answer":"Gordo","isRevealed":false,"imagePath":null,"audioPath":null},{"question":"Well","answer":"Bien","isRevealed":false,"imagePath":null,"audioPath":null},{"question":"Only","answer":"Sólo","isRevealed":false,"imagePath":null,"audioPath":null},{"question":"Also","answer":"También","isRevealed":false,"imagePath":null,"audioPath":null},{"question":"Very much","answer":"Mucho","isRevealed":false,"imagePath":null,"audioPath":null},{"question":"A little","answer":"Un poco","isRevealed":false,"imagePath":null,"audioPath":null},{"question":"Grey","answer":"Gris","isRevealed":false,"imagePath":null,"audioPath":null},{"question":"Brown","answer":"Marrón","isRevealed":false,"imagePath":null,"audioPath":null},{"question":"Purple","answer":"Morado","isRevealed":false,"imagePath":null,"audioPath":null},{"question":"The","answer":"El / La / Los / Las","isRevealed":false,"imagePath":null,"audioPath":null},{"question":"A / An","answer":"Un / Una","isRevealed":false,"imagePath":null,"audioPath":null},{"question":"Some","answer":"Algunos / Unos","isRevealed":false,"imagePath":null,"audioPath":null},{"question":"Any","answer":"Algún / Ningún","isRevealed":false,"imagePath":null,"audioPath":null},{"question":"This","answer":"Este / Esta","isRevealed":false,"imagePath":null,"audioPath":null},{"question":"That","answer":"Ese / Esa / Aquel / Aquella","isRevealed":false,"imagePath":null,"audioPath":null},{"question":"These","answer":"Estos / Estas","isRevealed":false,"imagePath":null,"audioPath":null},{"question":"Those","answer":"Esos / Esas / Aquellos / Aquellas","isRevealed":false,"imagePath":null,"audioPath":null},{"question":"My","answer":"Mi","isRevealed":false,"imagePath":null,"audioPath":null},{"question":"Your","answer":"Tu","isRevealed":false,"imagePath":null,"audioPath":null},{"question":"His","answer":"Su (de él)","isRevealed":false,"imagePath":null,"audioPath":null},{"question":"Her","answer":"Su (de ella)","isRevealed":false,"imagePath":null,"audioPath":null},{"question":"Its","answer":"Su (de ello)","isRevealed":false,"imagePath":null,"audioPath":null},{"question":"Our","answer":"Nuestro","isRevealed":false,"imagePath":null,"audioPath":null},{"question":"Your","answer":"Vuestro","isRevealed":false,"imagePath":null,"audioPath":null},{"question":"Their","answer":"Su (de ellos)","isRevealed":false,"imagePath":null,"audioPath":null},{"question":"Mine","answer":"Mío","isRevealed":false,"imagePath":null,"audioPath":null},{"question":"Yours","answer":"Tuyo","isRevealed":false,"imagePath":null,"audioPath":null},{"question":"His","answer":"Suyo (de él)","isRevealed":false,"imagePath":null,"audioPath":null},{"question":"Hers","answer":"Suyo (de ella)","isRevealed":false,"imagePath":null,"audioPath":null},{"question":"Ours","answer":"Nuestro","isRevealed":false,"imagePath":null,"audioPath":null},{"question":"Yours","answer":"Vuestro","isRevealed":false,"imagePath":null,"audioPath":null},{"question":"Theirs","answer":"Suyo (de ellos)","isRevealed":false,"imagePath":null,"audioPath":null},{"question":"And","answer":"Y","isRevealed":false,"imagePath":null,"audioPath":null},{"question":"Or","answer":"O","isRevealed":false,"imagePath":null,"audioPath":null},{"question":"If","answer":"Si","isRevealed":false,"imagePath":null,"audioPath":null},{"question":"Of","answer":"De","isRevealed":false,"imagePath":null,"audioPath":null},{"question":"From","answer":"De / Desde","isRevealed":false,"imagePath":null,"audioPath":null},{"question":"To","answer":"A","isRevealed":false,"imagePath":null,"audioPath":null},{"question":"In","answer":"En","isRevealed":false,"imagePath":null,"audioPath":null},{"question":"On","answer":"En / Sobre","isRevealed":false,"imagePath":null,"audioPath":null},{"question":"At","answer":"En","isRevealed":false,"imagePath":null,"audioPath":null},{"question":"With","answer":"Con","isRevealed":false,"imagePath":null,"audioPath":null},{"question":"For","answer":"Para","isRevealed":false,"imagePath":null,"audioPath":null},{"question":"About","answer":"Acerca de / Sobre","isRevealed":false,"imagePath":null,"audioPath":null},{"question":"Before","answer":"Antes","isRevealed":false,"imagePath":null,"audioPath":null},{"question":"After","answer":"Después","isRevealed":false,"imagePath":null,"audioPath":null},{"question":"Between","answer":"Entre","isRevealed":false,"imagePath":null,"audioPath":null},{"question":"Cow","answer":"Vaca","isRevealed":false,"imagePath":null,"audioPath":null},{"question":"Sheep","answer":"Oveja","isRevealed":false,"imagePath":null,"audioPath":null},{"question":"Food","answer":"Comida","isRevealed":false,"imagePath":null,"audioPath":null},{"question":"Butter","answer":"Mantequilla","isRevealed":false,"imagePath":null,"audioPath":null},{"question":"Pasta","answer":"Pasta","isRevealed":false,"imagePath":null,"audioPath":null},{"question":"Meat","answer":"Carne","isRevealed":false,"imagePath":null,"audioPath":null},{"question":"Beef","answer":"Ternera","isRevealed":false,"imagePath":null,"audioPath":null},{"question":"Pork","answer":"Cerdo","isRevealed":false,"imagePath":null,"audioPath":null},{"question":"Fruit","answer":"Fruta","isRevealed":false,"imagePath":null,"audioPath":null},{"question":"Vegetable","answer":"Verdura","isRevealed":false,"imagePath":null,"audioPath":null},{"question":"Tomato","answer":"Tomate","isRevealed":false,"imagePath":null,"audioPath":null},{"question":"Potato","answer":"Patata","isRevealed":false,"imagePath":null,"audioPath":null},{"question":"Juice","answer":"Zumo","isRevealed":false,"imagePath":null,"audioPath":null},{"question":"Wine","answer":"Vino","isRevealed":false,"imagePath":null,"audioPath":null},{"question":"Beer","answer":"Cerveza","isRevealed":false,"imagePath":null,"audioPath":null},{"question":"Breakfast","answer":"Desayuno","isRevealed":false,"imagePath":null,"audioPath":null},{"question":"Lunch","answer":"Almuerzo","isRevealed":false,"imagePath":null,"audioPath":null},{"question":"Dinner","answer":"Cena","isRevealed":false,"imagePath":null,"audioPath":null},{"question":"To swim","answer":"Nadar","isRevealed":false,"imagePath":null,"audioPath":null},{"question":"To run","answer":"Correr","isRevealed":false,"imagePath":null,"audioPath":null},{"question":"To walk","answer":"Andar / Caminar","isRevealed":false,"imagePath":null,"audioPath":null},{"question":"To jump","answer":"Saltar","isRevealed":false,"imagePath":null,"audioPath":null},{"question":"To dance","answer":"Bailar","isRevealed":false,"imagePath":null,"audioPath":null},{"question":"To sing","answer":"Cantar","isRevealed":false,"imagePath":null,"audioPath":null},{"question":"To sleep","answer":"Dormir","isRevealed":false,"imagePath":null,"audioPath":null},{"question":"To wake up","answer":"Despertarse","isRevealed":false,"imagePath":null,"audioPath":null},{"question":"To sit down","answer":"Sentarse","isRevealed":false,"imagePath":null,"audioPath":null},{"question":"To stand up","answer":"Levantarse","isRevealed":false,"imagePath":null,"audioPath":null},{"question":"To put","answer":"Poner","isRevealed":false,"imagePath":null,"audioPath":null},{"question":"To give","answer":"Dar","isRevealed":false,"imagePath":null,"audioPath":null},{"question":"To take","answer":"Tomar / Coger","isRevealed":false,"imagePath":null,"audioPath":null},{"question":"To help","answer":"Ayudar","isRevealed":false,"imagePath":null,"audioPath":null},{"question":"To use","answer":"Usar","isRevealed":false,"imagePath":null,"audioPath":null},{"question":"To find","answer":"Encontrar","isRevealed":false,"imagePath":null,"audioPath":null},{"question":"To wait","answer":"Esperar","isRevealed":false,"imagePath":null,"audioPath":null},{"question":"Rain","answer":"Lluvia","isRevealed":false,"imagePath":null,"audioPath":null},{"question":"Snow","answer":"Nieve","isRevealed":false,"imagePath":null,"audioPath":null},{"question":"Sun","answer":"Sol","isRevealed":false,"imagePath":null,"audioPath":null},{"question":"Wind","answer":"Viento","isRevealed":false,"imagePath":null,"audioPath":null},{"question":"Cloud","answer":"Nube","isRevealed":false,"imagePath":null,"audioPath":null},{"question":"Weather","answer":"Tiempo atmosférico","isRevealed":false,"imagePath":null,"audioPath":null},{"question":"Head","answer":"Cabeza","isRevealed":false,"imagePath":null,"audioPath":null},{"question":"Hair","answer":"Pelo","isRevealed":false,"imagePath":null,"audioPath":null},{"question":"Face","answer":"Cara","isRevealed":false,"imagePath":null,"audioPath":null},{"question":"Eye","answer":"Ojo","isRevealed":false,"imagePath":null,"audioPath":null},{"question":"Ear","answer":"Oreja","isRevealed":false,"imagePath":null,"audioPath":null},{"question":"Nose","answer":"Nariz","isRevealed":false,"imagePath":null,"audioPath":null},{"question":"Mouth","answer":"Boca","isRevealed":false,"imagePath":null,"audioPath":null},{"question":"Tooth","answer":"Diente","isRevealed":false,"imagePath":null,"audioPath":null},{"question":"Arm","answer":"Brazo","isRevealed":false,"imagePath":null,"audioPath":null},{"question":"Hand","answer":"Mano","isRevealed":false,"imagePath":null,"audioPath":null},{"question":"Finger","answer":"Dedo","isRevealed":false,"imagePath":null,"audioPath":null},{"question":"Leg","answer":"Pierna","isRevealed":false,"imagePath":null,"audioPath":null},{"question":"Foot","answer":"Pie","isRevealed":false,"imagePath":null,"audioPath":null},{"question":"Heart","answer":"Corazón","isRevealed":false,"imagePath":null,"audioPath":null},{"question":"Car","answer":"Coche","isRevealed":false,"imagePath":null,"audioPath":null},{"question":"Bus","answer":"Autobús","isRevealed":false,"imagePath":null,"audioPath":null},{"question":"Train","answer":"Tren","isRevealed":false,"imagePath":null,"audioPath":null},{"question":"Bicycle","answer":"Bicicleta","isRevealed":false,"imagePath":null,"audioPath":null},{"question":"Plane","answer":"Avión","isRevealed":false,"imagePath":null,"audioPath":null},{"question":"Boat","answer":"Barco","isRevealed":false,"imagePath":null,"audioPath":null},{"question":"To travel","answer":"Viajar","isRevealed":false,"imagePath":null,"audioPath":null},{"question":"Holiday","answer":"Vacaciones","isRevealed":false,"imagePath":null,"audioPath":null},{"question":"Suitcase","answer":"Maleta","isRevealed":false,"imagePath":null,"audioPath":null},{"question":"Hotel","answer":"Hotel","isRevealed":false,"imagePath":null,"audioPath":null},{"question":"Beach","answer":"Playa","isRevealed":false,"imagePath":null,"audioPath":null},{"question":"Mountain","answer":"Montaña","isRevealed":false,"imagePath":null,"audioPath":null},{"question":"Lake","answer":"Lago","isRevealed":false,"imagePath":null,"audioPath":null},{"question":"River","answer":"Río","isRevealed":false,"imagePath":null,"audioPath":null},{"question":"Sea","answer":"Mar","isRevealed":false,"imagePath":null,"audioPath":null},{"question":"Problem","answer":"Problema","isRevealed":false,"imagePath":null,"audioPath":null},{"question":"Question","answer":"Pregunta","isRevealed":false,"imagePath":null,"audioPath":null},{"question":"Answer","answer":"Respuesta","isRevealed":false,"imagePath":null,"audioPath":null},{"question":"Idea","answer":"Idea","isRevealed":false,"imagePath":null,"audioPath":null},{"question":"Color","answer":"Color","isRevealed":false,"imagePath":null,"audioPath":null},{"question":"Number","answer":"Número","isRevealed":false,"imagePath":null,"audioPath":null},{"question":"Price","answer":"Precio","isRevealed":false,"imagePath":null,"audioPath":null},{"question":"Piece","answer":"Pieza","isRevealed":false,"imagePath":null,"audioPath":null},{"question":"Page","answer":"Página","isRevealed":false,"imagePath":null,"audioPath":null},{"question":"Life","answer":"Vida","isRevealed":false,"imagePath":null,"audioPath":null},{"question":"World","answer":"Mundo","isRevealed":false,"imagePath":null,"audioPath":null},{"question":"Time","answer":"Tiempo / Hora","isRevealed":false,"imagePath":null,"audioPath":null},{"question":"Day","answer":"Día","isRevealed":false,"imagePath":null,"audioPath":null},{"question":"Year","answer":"Año","isRevealed":false,"imagePath":null,"audioPath":null},{"question":"Hour","answer":"Hora","isRevealed":false,"imagePath":null,"audioPath":null},{"question":"Minute","answer":"Minuto","isRevealed":false,"imagePath":null,"audioPath":null},{"question":"Week","answer":"Semana","isRevealed":false,"imagePath":null,"audioPath":null},{"question":"Month","answer":"Mes","isRevealed":false,"imagePath":null,"audioPath":null},{"question":"Morning","answer":"Mañana","isRevealed":false,"imagePath":null,"audioPath":null},{"question":"Afternoon","answer":"Tarde","isRevealed":false,"imagePath":null,"audioPath":null},{"question":"Evening","answer":"Noche","isRevealed":false,"imagePath":null,"audioPath":null},{"question":"Night","answer":"Noche","isRevealed":false,"imagePath":null,"audioPath":null},{"question":"Yesterday","answer":"Ayer","isRevealed":false,"imagePath":null,"audioPath":null},{"question":"Today","answer":"Hoy","isRevealed":false,"imagePath":null,"audioPath":null},{"question":"Tomorrow","answer":"Mañana","isRevealed":false,"imagePath":null,"audioPath":null},{"question":"Now","answer":"Ahora","isRevealed":false,"imagePath":null,"audioPath":null},{"question":"Always","answer":"Siempre","isRevealed":false,"imagePath":null,"audioPath":null},{"question":"Usually","answer":"Normalmente","isRevealed":false,"imagePath":null,"audioPath":null},{"question":"Often","answer":"A menudo","isRevealed":false,"imagePath":null,"audioPath":null},{"question":"Sometimes","answer":"A veces","isRevealed":false,"imagePath":null,"audioPath":null},{"question":"Again","answer":"Otra vez","isRevealed":false,"imagePath":null,"audioPath":null},{"question":"Slowly","answer":"Lentamente","isRevealed":false,"imagePath":null,"audioPath":null},{"question":"Quickly","answer":"Rápidamente","isRevealed":false,"imagePath":null,"audioPath":null},{"question":"Very well","answer":"Muy bien","isRevealed":false,"imagePath":null,"audioPath":null},{"question":"Badly","answer":"Mal","isRevealed":false,"imagePath":null,"audioPath":null},{"question":"Together","answer":"Juntos","isRevealed":false,"imagePath":null,"audioPath":null},{"question":"Alone","answer":"Solo","isRevealed":false,"imagePath":null,"audioPath":null},{"question":"Maybe","answer":"Quizás","isRevealed":false,"imagePath":null,"audioPath":null},{"question":"Here","answer":"Aquí","isRevealed":false,"imagePath":null,"audioPath":null},{"question":"There","answer":"Allí","isRevealed":false,"imagePath":null,"audioPath":null},{"question":"Everywhere","answer":"En todas partes","isRevealed":false,"imagePath":null,"audioPath":null},{"question":"Something","answer":"Algo","isRevealed":false,"imagePath":null,"audioPath":null},{"question":"Someone","answer":"Alguien","isRevealed":false,"imagePath":null,"audioPath":null},{"question":"No one","answer":"Nadie","isRevealed":false,"imagePath":null,"audioPath":null},{"question":"Everyone","answer":"Todo el mundo","isRevealed":false,"imagePath":null,"audioPath":null},{"question":"Everything","answer":"Todo","isRevealed":false,"imagePath":null,"audioPath":null},{"question":"Every","answer":"Cada / Todo","isRevealed":false,"imagePath":null,"audioPath":null},{"question":"All","answer":"Todo","isRevealed":false,"imagePath":null,"audioPath":null},{"question":"Other","answer":"Otro","isRevealed":false,"imagePath":null,"audioPath":null},{"question":"Same","answer":"Mismo","isRevealed":false,"imagePath":null,"audioPath":null},{"question":"Different","answer":"Diferente","isRevealed":false,"imagePath":null,"audioPath":null},{"question":"First","answer":"Primero","isRevealed":false,"imagePath":null,"audioPath":null},{"question":"Second","answer":"Segundo","isRevealed":false,"imagePath":null,"audioPath":null},{"question":"Third","answer":"Tercero","isRevealed":false,"imagePath":null,"audioPath":null},{"question":"Last","answer":"Último","isRevealed":false,"imagePath":null,"audioPath":null},{"question":"Next","answer":"Próximo","isRevealed":false,"imagePath":null,"audioPath":null},{"question":"Early","answer":"Temprano","isRevealed":false,"imagePath":null,"audioPath":null},{"question":"Late","answer":"Tarde","isRevealed":false,"imagePath":null,"audioPath":null},{"question":"Important","answer":"Importante","isRevealed":false,"imagePath":null,"audioPath":null},{"question":"Necessary","answer":"Necesario","isRevealed":false,"imagePath":null,"audioPath":null},{"question":"Possible","answer":"Posible","isRevealed":false,"imagePath":null,"audioPath":null},{"question":"Impossible","answer":"Imposible","isRevealed":false,"imagePath":null,"audioPath":null},{"question":"Right","answer":"Correcto / Derecha","isRevealed":false,"imagePath":null,"audioPath":null},{"question":"Wrong","answer":"Incorrecto","isRevealed":false,"imagePath":null,"audioPath":null},{"question":"Left","answer":"Izquierda","isRevealed":false,"imagePath":null,"audioPath":null},{"question":"True","answer":"Verdadero","isRevealed":false,"imagePath":null,"audioPath":null},{"question":"False","answer":"Falso","isRevealed":false,"imagePath":null,"audioPath":null},{"question":"Funny","answer":"Divertido","isRevealed":false,"imagePath":null,"audioPath":null},{"question":"Serious","answer":"Serio","isRevealed":false,"imagePath":null,"audioPath":null},{"question":"Kind","answer":"Amable","isRevealed":false,"imagePath":null,"audioPath":null},{"question":"Unkind","answer":"Poco amable","isRevealed":false,"imagePath":null,"audioPath":null},{"question":"Friendly","answer":"Simpático","isRevealed":false,"imagePath":null,"audioPath":null},{"question":"Unfriendly","answer":"Antipático","isRevealed":false,"imagePath":null,"audioPath":null},{"question":"Strong","answer":"Fuerte","isRevealed":false,"imagePath":null,"audioPath":null},{"question":"Weak","answer":"Débil","isRevealed":false,"imagePath":null,"audioPath":null},{"question":"Healthy","answer":"Sano","isRevealed":false,"imagePath":null,"audioPath":null},{"question":"Unhealthy","answer":"Poco sano","isRevealed":false,"imagePath":null,"audioPath":null},{"question":"Clean","answer":"Limpio","isRevealed":false,"imagePath":null,"audioPath":null},{"question":"Dirty","answer":"Sucio","isRevealed":false,"imagePath":null,"audioPath":null},{"question":"Open","answer":"Abierto","isRevealed":false,"imagePath":null,"audioPath":null},{"question":"Closed","answer":"Cerrado","isRevealed":false,"imagePath":null,"audioPath":null},{"question":"Hungry","answer":"Hambriento","isRevealed":false,"imagePath":null,"audioPath":null},{"question":"Thirsty","answer":"Sediento","isRevealed":false,"imagePath":null,"audioPath":null},{"question":"Ready","answer":"Listo","isRevealed":false,"imagePath":null,"audioPath":null},{"question":"Busy","answer":"Ocupado","isRevealed":false,"imagePath":null,"audioPath":null},{"question":"Free","answer":"Libre / Gratis","isRevealed":false,"imagePath":null,"audioPath":null},{"question":"Married","answer":"Casado","isRevealed":false,"imagePath":null,"audioPath":null},{"question":"Single","answer":"Soltero","isRevealed":false,"imagePath":null,"audioPath":null},{"question":"Born","answer":"Nacido","isRevealed":false,"imagePath":null,"audioPath":null},{"question":"Dead","answer":"Muerto","isRevealed":false,"imagePath":null,"audioPath":null},{"question":"Nice","answer":"Agradable","isRevealed":false,"imagePath":null,"audioPath":null},{"question":"Pleasant","answer":"Agradable","isRevealed":false,"imagePath":null,"audioPath":null},{"question":"Unpleasant","answer":"Desagradable","isRevealed":false,"imagePath":null,"audioPath":null},{"question":"Comfortable","answer":"Cómodo","isRevealed":false,"imagePath":null,"audioPath":null},{"question":"Uncomfortable","answer":"Incómodo","isRevealed":false,"imagePath":null,"audioPath":null},{"question":"Easy","answer":"Fácil","isRevealed":false,"imagePath":null,"audioPath":null},{"question":"Difficult","answer":"Difícil","isRevealed":false,"imagePath":null,"audioPath":null},{"question":"Simple","answer":"Sencillo","isRevealed":false,"imagePath":null,"audioPath":null},{"question":"Complicated","answer":"Complicado","isRevealed":false,"imagePath":null,"audioPath":null},{"question":"Cheap","answer":"Barato","isRevealed":false,"imagePath":null,"audioPath":null},{"question":"Expensive","answer":"Caro","isRevealed":false,"imagePath":null,"audioPath":null},{"question":"Wet","answer":"Mojado","isRevealed":false,"imagePath":null,"audioPath":null},{"question":"Dry","answer":"Seco","isRevealed":false,"imagePath":null,"audioPath":null},{"question":"Sweet","answer":"Dulce","isRevealed":false,"imagePath":null,"audioPath":null},{"question":"Salty","answer":"Salado","isRevealed":false,"imagePath":null,"audioPath":null},{"question":"Sour","answer":"Agrio","isRevealed":false,"imagePath":null,"audioPath":null},{"question":"Bitter","answer":"Amargo","isRevealed":false,"imagePath":null,"audioPath":null},{"question":"Noisy","answer":"Ruidoso","isRevealed":false,"imagePath":null,"audioPath":null},{"question":"Quiet","answer":"Tranquilo","isRevealed":false,"imagePath":null,"audioPath":null},{"question":"Loud","answer":"Alto (volumen)","isRevealed":false,"imagePath":null,"audioPath":null},{"question":"Quiet","answer":"Bajo (volumen)","isRevealed":false,"imagePath":null,"audioPath":null},{"question":"High","answer":"Alto","isRevealed":false,"imagePath":null,"audioPath":null},{"question":"Low","answer":"Bajo","isRevealed":false,"imagePath":null,"audioPath":null},{"question":"Large","answer":"Grande","isRevealed":false,"imagePath":null,"audioPath":null},{"question":"Small","answer":"Pequeño","isRevealed":false,"imagePath":null,"audioPath":null},{"question":"Long","answer":"Largo","isRevealed":false,"imagePath":null,"audioPath":null},{"question":"Short","answer":"Corto","isRevealed":false,"imagePath":null,"audioPath":null},{"question":"Wide","answer":"Ancho","isRevealed":false,"imagePath":null,"audioPath":null},{"question":"Narrow","answer":"Estrecho","isRevealed":false,"imagePath":null,"audioPath":null},{"question":"Deep","answer":"Profundo","isRevealed":false,"imagePath":null,"audioPath":null},{"question":"Shallow","answer":"Poco profundo","isRevealed":false,"imagePath":null,"audioPath":null},{"question":"Heavy","answer":"Pesado","isRevealed":false,"imagePath":null,"audioPath":null},{"question":"Light","answer":"Ligero","isRevealed":false,"imagePath":null,"audioPath":null},{"question":"Full","answer":"Lleno","isRevealed":false,"imagePath":null,"audioPath":null},{"question":"Empty","answer":"Vacío","isRevealed":false,"imagePath":null,"audioPath":null},{"question":"Dark","answer":"Oscuro","isRevealed":false,"imagePath":null,"audioPath":null},{"question":"Light","answer":"Claro","isRevealed":false,"imagePath":null,"audioPath":null},{"question":"Old","answer":"Viejo","isRevealed":false,"imagePath":null,"audioPath":null},{"question":"New","answer":"Nuevo","isRevealed":false,"imagePath":null,"audioPath":null},{"question":"Young","answer":"Joven","isRevealed":false,"imagePath":null,"audioPath":null},{"question":"Modern","answer":"Moderno","isRevealed":false,"imagePath":null,"audioPath":null},{"question":"Old","answer":"Antiguo","isRevealed":false,"imagePath":null,"audioPath":null},{"question":"Good","answer":"Bueno","isRevealed":false,"imagePath":null,"audioPath":null},{"question":"Bad","answer":"Malo","isRevealed":false,"imagePath":null,"audioPath":null},{"question":"Better","answer":"Mejor","isRevealed":false,"imagePath":null,"audioPath":null},{"question":"Worse","answer":"Peor","isRevealed":false,"imagePath":null,"audioPath":null},{"question":"Best","answer":"El mejor","isRevealed":false,"imagePath":null,"audioPath":null},{"question":"Worst","answer":"El peor","isRevealed":false,"imagePath":null,"audioPath":null},{"question":"More","answer":"Más","isRevealed":false,"imagePath":null,"audioPath":null},{"question":"Less","answer":"Menos","isRevealed":false,"imagePath":null,"audioPath":null},{"question":"Most","answer":"El más","isRevealed":false,"imagePath":null,"audioPath":null},{"question":"Least","answer":"El menos","isRevealed":false,"imagePath":null,"audioPath":null},{"question":"Very","answer":"Muy","isRevealed":false,"imagePath":null,"audioPath":null},{"question":"Too","answer":"Demasiado","isRevealed":false,"imagePath":null,"audioPath":null},{"question":"Enough","answer":"Bastante","isRevealed":false,"imagePath":null,"audioPath":null},{"question":"Almost","answer":"Casi","isRevealed":false,"imagePath":null,"audioPath":null},{"question":"Exactly","answer":"Exactamente","isRevealed":false,"imagePath":null,"audioPath":null},{"question":"Especially","answer":"Especialmente","isRevealed":false,"imagePath":null,"audioPath":null},{"question":"Probably","answer":"Probablemente","isRevealed":false,"imagePath":null,"audioPath":null},{"question":"Perhaps","answer":"Quizás","isRevealed":false,"imagePath":null,"audioPath":null},{"question":"Of course","answer":"Por supuesto","isRevealed":false,"imagePath":null,"audioPath":null},{"question":"Not","answer":"No","isRevealed":false,"imagePath":null,"audioPath":null},{"question":"Never","answer":"Nunca","isRevealed":false,"imagePath":null,"audioPath":null},{"question":"Neither","answer":"Tampoco","isRevealed":false,"imagePath":null,"audioPath":null},{"question":"Nobody","answer":"Nadie","isRevealed":false,"imagePath":null,"audioPath":null},{"question":"Nothing","answer":"Nada","isRevealed":false,"imagePath":null,"audioPath":null},{"question":"Nowhere","answer":"En ninguna parte","isRevealed":false,"imagePath":null,"audioPath":null},{"question":"No","answer":"Ningún","isRevealed":false,"imagePath":null,"audioPath":null},{"question":"Without","answer":"Sin","isRevealed":false,"imagePath":null,"audioPath":null},{"question":"Except","answer":"Excepto","isRevealed":false,"imagePath":null,"audioPath":null},{"question":"But","answer":"Pero","isRevealed":false,"imagePath":null,"audioPath":null},{"question":"Although","answer":"Aunque","isRevealed":false,"imagePath":null,"audioPath":null},{"question":"However","answer":"Sin embargo","isRevealed":false,"imagePath":null,"audioPath":null},{"question":"Therefore","answer":"Por lo tanto","isRevealed":false,"imagePath":null,"audioPath":null},{"question":"So","answer":"Así que","isRevealed":false,"imagePath":null,"audioPath":null},{"question":"Because","answer":"Porque","isRevealed":false,"imagePath":null,"audioPath":null},{"question":"Why?","answer":"¿Por qué?","isRevealed":false,"imagePath":null,"audioPath":null},{"question":"How?","answer":"¿Cómo?","isRevealed":false,"imagePath":null,"audioPath":null},{"question":"When?","answer":"¿Cuándo?","isRevealed":false,"imagePath":null,"audioPath":null},{"question":"Where?","answer":"¿Dónde?","isRevealed":false,"imagePath":null,"audioPath":null},{"question":"Who?","answer":"¿Quién?","isRevealed":false,"imagePath":null,"audioPath":null},{"question":"What?","answer":"¿Qué?","isRevealed":false,"imagePath":null,"audioPath":null},{"question":"Which?","answer":"¿Cuál?","isRevealed":false,"imagePath":null,"audioPath":null},{"question":"Whose?","answer":"¿De quién?","isRevealed":false,"imagePath":null,"audioPath":null},{"question":"How much?","answer":"¿Cuánto?","isRevealed":false,"imagePath":null,"audioPath":null},{"question":"How many?","answer":"¿Cuántos?","isRevealed":false,"imagePath":null,"audioPath":null},{"question":"How long?","answer":"¿Cuánto tiempo?","isRevealed":false,"imagePath":null,"audioPath":null},{"question":"How often?","answer":"¿Con qué frecuencia?","isRevealed":false,"imagePath":null,"audioPath":null},{"question":"How far?","answer":"¿A qué distancia?","isRevealed":false,"imagePath":null,"audioPath":null},{"question":"Why not?","answer":"¿Por qué no?","isRevealed":false,"imagePath":null,"audioPath":null},{"question":"What time?","answer":"¿A qué hora?","isRevealed":false,"imagePath":null,"audioPath":null},{"question":"What kind?","answer":"¿Qué tipo?","isRevealed":false,"imagePath":null,"audioPath":null},{"question":"What for?","answer":"¿Para qué?","isRevealed":false,"imagePath":null,"audioPath":null}],"knownFlashcards":[],"unknownFlashcards":[]}