{"name":"Alfabeto Fonético inglés","studyingFlashcards":[{"question":"/p/","answer":"Como la p española pero aspirada (pure)","isRevealed":false,"imagePath":null,"audioPath":null},{"question":"/b/","answer":"Como la b española pero aspirada (Brother)","isRevealed":false,"imagePath":null,"audioPath":null},{"question":"/t/","answer":"Como la t española pero más explosiva y aspirada (tea)","isRevealed":false,"imagePath":null,"audioPath":null},{"question":"/d/","answer":"Como la d española pero siempre tocando el techo del paladar (day)","isRevealed":false,"imagePath":null,"audioPath":null},{"question":"/k/","answer":"Como la k en koala pero aspirada (Kite)","isRevealed":false,"imagePath":null,"audioPath":null},{"question":"/ɡ/","answer":"Como la g de gato pero un poco más tensa (goat)","isRevealed":false,"imagePath":null,"audioPath":null},{"question":"/m/","answer":"Como la m española (many)","isRevealed":false,"imagePath":null,"audioPath":null},{"question":"/n/","answer":"Como la n española (night)","isRevealed":false,"imagePath":null,"audioPath":null},{"question":"/n̩/","answer":"Como el sonido n sin la vocal anterior (eaten)","isRevealed":false,"imagePath":null,"audioPath":null},{"question":"/ŋ/","answer":"Similar al sonido ng en mango (Bring)","isRevealed":false,"imagePath":null,"audioPath":null},{"question":"/f/","answer":"Como la f española (photo)","isRevealed":false,"imagePath":null,"audioPath":null},{"question":"/v/","answer":"Colocando los dientes superiores sobre el labio inferior (very)","isRevealed":false,"imagePath":null,"audioPath":null},{"question":"/θ/","answer":"Como la z española (España) (Think)","isRevealed":false,"imagePath":null,"audioPath":null},{"question":"/ð/","answer":"Como la d española pero sacando la punta de la lengua entre los dientes (that)","isRevealed":false,"imagePath":null,"audioPath":null},{"question":"/s/","answer":"Como la s hispanoamericana (sit)","isRevealed":false,"imagePath":null,"audioPath":null},{"question":"/z/","answer":"Una s como produciendo un zumbido (zero)","isRevealed":false,"imagePath":null,"audioPath":null},{"question":"/ʃ/","answer":"sh como callando a alguien (she)","isRevealed":false,"imagePath":null,"audioPath":null},{"question":"/ʒ/","answer":"Como la sh pero usando las cuerdas vocales similar a la ll Argentina (pleasure)","isRevealed":false,"imagePath":null,"audioPath":null},{"question":"/h/","answer":"Una j muy suave (happy)","isRevealed":false,"imagePath":null,"audioPath":null},{"question":"/tʃ/","answer":"ch como en la chico (church)","isRevealed":false,"imagePath":null,"audioPath":null},{"question":"/dʒ/","answer":"Como la y en yuca (Just)","isRevealed":false,"imagePath":null,"audioPath":null},{"question":"/j/","answer":"Como la i en hielo (year)","isRevealed":false,"imagePath":null,"audioPath":null},{"question":"/w/","answer":"Similar al sonido de la u española (weed)","isRevealed":false,"imagePath":null,"audioPath":null},{"question":"/ɹ/","answer":"Enrollando la lengua hacia arriba sin tocar el paladar (red)","isRevealed":false,"imagePath":null,"audioPath":null},{"question":"/l/","answer":"Como la l de helado (live)","isRevealed":false,"imagePath":null,"audioPath":null},{"question":"/l̩/","answer":"Como intercalando la l con la vocal (cable)","isRevealed":false,"imagePath":null,"audioPath":null},{"question":"/i/","answer":"Como la i en hilo (sea)","isRevealed":false,"imagePath":null,"audioPath":null},{"question":"/ɪ/","answer":"Sonido intermedio entre i y e (it)","isRevealed":false,"imagePath":null,"audioPath":null},{"question":"/ɛ/","answer":"Como la e española pero más abierta (bed)","isRevealed":false,"imagePath":null,"audioPath":null},{"question":"/æ/","answer":"Sonido intermedio entre e y a (cat)","isRevealed":false,"imagePath":null,"audioPath":null},{"question":"/u/","answer":"Como la u española pero más corta(moon)","isRevealed":false,"imagePath":null,"audioPath":null},{"question":"/ʊ/","answer":"Una u más abierta tirando a o (book)","isRevealed":false,"imagePath":null,"audioPath":null},{"question":"/o/","answer":"Muy similar a ou (know)","isRevealed":false,"imagePath":null,"audioPath":null},{"question":"/ɔ/","answer":"Sonido intermedio entre a y o (saw)","isRevealed":false,"imagePath":null,"audioPath":null},{"question":"/ɑ/","answer":"Una a muy abierta tirando un poco a o (hot)","isRevealed":false,"imagePath":null,"audioPath":null},{"question":"/ə/","answer":"e muy relajada y átona (above)","isRevealed":false,"imagePath":null,"audioPath":null},{"question":"/ʌ/","answer":"e muy relajada (come)","isRevealed":false,"imagePath":null,"audioPath":null},{"question":"/ɚ/","answer":"e relajada átona junto con una r (father)","isRevealed":false,"imagePath":null,"audioPath":null},{"question":"/ɝ/","answer":"e relajada junto con una r (work)","isRevealed":false,"imagePath":null,"audioPath":null},{"question":"/e/","answer":"Diptongo ei con la i /ɪ/ (late)","isRevealed":false,"imagePath":null,"audioPath":null},{"question":"/aɪ/","answer":"Diptongo ai con la i /ɪ/ (I)","isRevealed":false,"imagePath":null,"audioPath":null},{"question":"/aʊ/","answer":"Diptongo au (now)","isRevealed":false,"imagePath":null,"audioPath":null},{"question":"/ɔɪ/","answer":"Diptongo oi con la i /ɪ/ (boy)","isRevealed":false,"imagePath":null,"audioPath":null},{"question":"/ju/","answer":"Diptongo iu (use)","isRevealed":false,"imagePath":null,"audioPath":null}],"knownFlashcards":[],"unknownFlashcards":[]}