{"name":"Alfabeto Griego","studyingFlashcards":[{"question":"Α α","answer":"alfa","isRevealed":false,"imagePath":null,"audioPath":null},{"question":"Β β","answer":"beta","isRevealed":false,"imagePath":null,"audioPath":null},{"question":"Γ γ","answer":"gamma","isRevealed":false,"imagePath":null,"audioPath":null},{"question":"Δ δ","answer":"delta","isRevealed":false,"imagePath":null,"audioPath":null},{"question":"Ε ε","answer":"épsilon","isRevealed":false,"imagePath":null,"audioPath":null},{"question":"Ζ ζ","answer":"dseta","isRevealed":false,"imagePath":null,"audioPath":null},{"question":"Η η","answer":"eta","isRevealed":false,"imagePath":null,"audioPath":null},{"question":"Θ θ","answer":"zeta","isRevealed":false,"imagePath":null,"audioPath":null},{"question":"Ι ι","answer":"iota","isRevealed":false,"imagePath":null,"audioPath":null},{"question":"Κ κ","answer":"kappa","isRevealed":false,"imagePath":null,"audioPath":null},{"question":"Λ λ","answer":"lambda","isRevealed":false,"imagePath":null,"audioPath":null},{"question":"Μ μ","answer":"mi","isRevealed":false,"imagePath":null,"audioPath":null},{"question":"Ν ν","answer":"ni","isRevealed":false,"imagePath":null,"audioPath":null},{"question":"Ξ ξ","answer":"xi","isRevealed":false,"imagePath":null,"audioPath":null},{"question":"Ο ο","answer":"ómicron","isRevealed":false,"imagePath":null,"audioPath":null},{"question":"Π π","answer":"pi","isRevealed":false,"imagePath":null,"audioPath":null},{"question":"Ρ ρ","answer":"ro","isRevealed":false,"imagePath":null,"audioPath":null},{"question":"Σ σ ς","answer":"sigma","isRevealed":false,"imagePath":null,"audioPath":null},{"question":"Τ τ","answer":"tau","isRevealed":false,"imagePath":null,"audioPath":null},{"question":"Υ υ","answer":"ípsilon","isRevealed":false,"imagePath":null,"audioPath":null},{"question":"Φ φ","answer":"fi","isRevealed":false,"imagePath":null,"audioPath":null},{"question":"Χ χ","answer":"ji","isRevealed":false,"imagePath":null,"audioPath":null},{"question":"Ψ ψ","answer":"psi","isRevealed":false,"imagePath":null,"audioPath":null},{"question":"Ω ω","answer":"omega","isRevealed":false,"imagePath":null,"audioPath":null},{"question":"alfa","answer":"Α α","isRevealed":false,"imagePath":null,"audioPath":null},{"question":"beta","answer":"Β β","isRevealed":false,"imagePath":null,"audioPath":null},{"question":"gamma","answer":"Γ γ","isRevealed":false,"imagePath":null,"audioPath":null},{"question":"delta","answer":"Δ δ","isRevealed":false,"imagePath":null,"audioPath":null},{"question":"épsilon","answer":"Ε ε","isRevealed":false,"imagePath":null,"audioPath":null},{"question":"dseta","answer":"Ζ ζ","isRevealed":false,"imagePath":null,"audioPath":null},{"question":"eta","answer":"Η η","isRevealed":false,"imagePath":null,"audioPath":null},{"question":"zeta","answer":"Θ θ","isRevealed":false,"imagePath":null,"audioPath":null},{"question":"iota","answer":"Ι ι","isRevealed":false,"imagePath":null,"audioPath":null},{"question":"kappa","answer":"Κ κ","isRevealed":false,"imagePath":null,"audioPath":null},{"question":"lambda","answer":"Λ λ","isRevealed":false,"imagePath":null,"audioPath":null},{"question":"mi","answer":"Μ μ","isRevealed":false,"imagePath":null,"audioPath":null},{"question":"ni","answer":"Ν ν","isRevealed":false,"imagePath":null,"audioPath":null},{"question":"xi","answer":"Ξ ξ","isRevealed":false,"imagePath":null,"audioPath":null},{"question":"ómicron","answer":"Ο ο","isRevealed":false,"imagePath":null,"audioPath":null},{"question":"pi","answer":"Π π","isRevealed":false,"imagePath":null,"audioPath":null},{"question":"ro","answer":"Ρ ρ","isRevealed":false,"imagePath":null,"audioPath":null},{"question":"sigma","answer":"Σ σ ς","isRevealed":false,"imagePath":null,"audioPath":null},{"question":"tau","answer":"Τ τ","isRevealed":false,"imagePath":null,"audioPath":null},{"question":"ípsilon","answer":"Υ υ","isRevealed":false,"imagePath":null,"audioPath":null},{"question":"fi","answer":"Φ φ","isRevealed":false,"imagePath":null,"audioPath":null},{"question":"ji","answer":"Χ χ","isRevealed":false,"imagePath":null,"audioPath":null},{"question":"psi","answer":"Ψ ψ","isRevealed":false,"imagePath":null,"audioPath":null},{"question":"omega","answer":"Ω ω","isRevealed":false,"imagePath":null,"audioPath":null}],"knownFlashcards":[],"unknownFlashcards":[]}