{"name":"Hiragana","studyingFlashcards":[{"question":"あ","answer":"a","isRevealed":false,"imagePath":null,"audioPath":null},{"question":"い","answer":"i","isRevealed":false,"imagePath":null,"audioPath":null},{"question":"う","answer":"u","isRevealed":false,"imagePath":null,"audioPath":null},{"question":"え","answer":"e","isRevealed":false,"imagePath":null,"audioPath":null},{"question":"お","answer":"o","isRevealed":false,"imagePath":null,"audioPath":null},{"question":"か","answer":"ka","isRevealed":false,"imagePath":null,"audioPath":null},{"question":"さ","answer":"sa","isRevealed":false,"imagePath":null,"audioPath":null},{"question":"た","answer":"ta","isRevealed":false,"imagePath":null,"audioPath":null},{"question":"な","answer":"na","isRevealed":false,"imagePath":null,"audioPath":null},{"question":"は","answer":"ha","isRevealed":false,"imagePath":null,"audioPath":null},{"question":"ま","answer":"ma","isRevealed":false,"imagePath":null,"audioPath":null},{"question":"き","answer":"ki","isRevealed":false,"imagePath":null,"audioPath":null},{"question":"し","answer":"shi","isRevealed":false,"imagePath":null,"audioPath":null},{"question":"ち","answer":"chi","isRevealed":false,"imagePath":null,"audioPath":null},{"question":"に","answer":"ni","isRevealed":false,"imagePath":null,"audioPath":null},{"question":"ひ","answer":"hi","isRevealed":false,"imagePath":null,"audioPath":null},{"question":"み","answer":"mi","isRevealed":false,"imagePath":null,"audioPath":null},{"question":"く","answer":"ku","isRevealed":false,"imagePath":null,"audioPath":null},{"question":"す","answer":"su","isRevealed":false,"imagePath":null,"audioPath":null},{"question":"つ","answer":"tsu","isRevealed":false,"imagePath":null,"audioPath":null},{"question":"ぬ","answer":"nu","isRevealed":false,"imagePath":null,"audioPath":null},{"question":"ふ","answer":"fu","isRevealed":false,"imagePath":null,"audioPath":null},{"question":"む","answer":"mu","isRevealed":false,"imagePath":null,"audioPath":null},{"question":"け","answer":"ke","isRevealed":false,"imagePath":null,"audioPath":null},{"question":"せ","answer":"se","isRevealed":false,"imagePath":null,"audioPath":null},{"question":"て","answer":"te","isRevealed":false,"imagePath":null,"audioPath":null},{"question":"ね","answer":"ne","isRevealed":false,"imagePath":null,"audioPath":null},{"question":"へ","answer":"he","isRevealed":false,"imagePath":null,"audioPath":null},{"question":"め","answer":"me","isRevealed":false,"imagePath":null,"audioPath":null},{"question":"こ","answer":"ko","isRevealed":false,"imagePath":null,"audioPath":null},{"question":"そ","answer":"so","isRevealed":false,"imagePath":null,"audioPath":null},{"question":"と","answer":"to","isRevealed":false,"imagePath":null,"audioPath":null},{"question":"の","answer":"no","isRevealed":false,"imagePath":null,"audioPath":null},{"question":"ほ","answer":"ho","isRevealed":false,"imagePath":null,"audioPath":null},{"question":"も","answer":"mo","isRevealed":false,"imagePath":null,"audioPath":null},{"question":"きゃ","answer":"kya","isRevealed":false,"imagePath":null,"audioPath":null},{"question":"しゃ","answer":"sha","isRevealed":false,"imagePath":null,"audioPath":null},{"question":"ちゃ","answer":"cha","isRevealed":false,"imagePath":null,"audioPath":null},{"question":"にゃ","answer":"nya","isRevealed":false,"imagePath":null,"audioPath":null},{"question":"ひゃ","answer":"hya","isRevealed":false,"imagePath":null,"audioPath":null},{"question":"みゃ","answer":"mya","isRevealed":false,"imagePath":null,"audioPath":null},{"question":"きゅ","answer":"kyu","isRevealed":false,"imagePath":null,"audioPath":null},{"question":"しゅ","answer":"shu","isRevealed":false,"imagePath":null,"audioPath":null},{"question":"ちゅ","answer":"chu","isRevealed":false,"imagePath":null,"audioPath":null},{"question":"にゅ","answer":"nyu","isRevealed":false,"imagePath":null,"audioPath":null},{"question":"ひゅ","answer":"hyu","isRevealed":false,"imagePath":null,"audioPath":null},{"question":"みゅ","answer":"myu","isRevealed":false,"imagePath":null,"audioPath":null},{"question":"きょ","answer":"kyo","isRevealed":false,"imagePath":null,"audioPath":null},{"question":"しょ","answer":"sho","isRevealed":false,"imagePath":null,"audioPath":null},{"question":"ちょ","answer":"cho","isRevealed":false,"imagePath":null,"audioPath":null},{"question":"にょ","answer":"nyo","isRevealed":false,"imagePath":null,"audioPath":null},{"question":"ひょ","answer":"hyo","isRevealed":false,"imagePath":null,"audioPath":null},{"question":"みょ","answer":"myo","isRevealed":false,"imagePath":null,"audioPath":null},{"question":"や","answer":"ya","isRevealed":false,"imagePath":null,"audioPath":null},{"question":"ら","answer":"ra","isRevealed":false,"imagePath":null,"audioPath":null},{"question":"わ","answer":"wa","isRevealed":false,"imagePath":null,"audioPath":null},{"question":"り","answer":"ri","isRevealed":false,"imagePath":null,"audioPath":null},{"question":"ゐ","answer":"wi","isRevealed":false,"imagePath":null,"audioPath":null},{"question":"ゆ","answer":"yu","isRevealed":false,"imagePath":null,"audioPath":null},{"question":"る","answer":"ru","isRevealed":false,"imagePath":null,"audioPath":null},{"question":"れ","answer":"re","isRevealed":false,"imagePath":null,"audioPath":null},{"question":"ゑ","answer":"we","isRevealed":false,"imagePath":null,"audioPath":null},{"question":"よ","answer":"yo","isRevealed":false,"imagePath":null,"audioPath":null},{"question":"ろ","answer":"ro","isRevealed":false,"imagePath":null,"audioPath":null},{"question":"を","answer":"o/wo","isRevealed":false,"imagePath":null,"audioPath":null},{"question":"ん","answer":"n","isRevealed":false,"imagePath":null,"audioPath":null},{"question":"りゃ","answer":"rya","isRevealed":false,"imagePath":null,"audioPath":null},{"question":"りゅ","answer":"ryu","isRevealed":false,"imagePath":null,"audioPath":null},{"question":"りょ","answer":"ryo","isRevealed":false,"imagePath":null,"audioPath":null},{"question":"a","answer":"あ","isRevealed":false,"imagePath":null,"audioPath":null},{"question":"i","answer":"い","isRevealed":false,"imagePath":null,"audioPath":null},{"question":"u","answer":"う","isRevealed":false,"imagePath":null,"audioPath":null},{"question":"e","answer":"え","isRevealed":false,"imagePath":null,"audioPath":null},{"question":"o","answer":"お","isRevealed":false,"imagePath":null,"audioPath":null},{"question":"ka","answer":"か","isRevealed":false,"imagePath":null,"audioPath":null},{"question":"sa","answer":"さ","isRevealed":false,"imagePath":null,"audioPath":null},{"question":"ta","answer":"た","isRevealed":false,"imagePath":null,"audioPath":null},{"question":"na","answer":"な","isRevealed":false,"imagePath":null,"audioPath":null},{"question":"ha","answer":"は","isRevealed":false,"imagePath":null,"audioPath":null},{"question":"ma","answer":"ま","isRevealed":false,"imagePath":null,"audioPath":null},{"question":"ki","answer":"き","isRevealed":false,"imagePath":null,"audioPath":null},{"question":"shi","answer":"し","isRevealed":false,"imagePath":null,"audioPath":null},{"question":"chi","answer":"ち","isRevealed":false,"imagePath":null,"audioPath":null},{"question":"ni","answer":"に","isRevealed":false,"imagePath":null,"audioPath":null},{"question":"hi","answer":"ひ","isRevealed":false,"imagePath":null,"audioPath":null},{"question":"mi","answer":"み","isRevealed":false,"imagePath":null,"audioPath":null},{"question":"ku","answer":"く","isRevealed":false,"imagePath":null,"audioPath":null},{"question":"su","answer":"す","isRevealed":false,"imagePath":null,"audioPath":null},{"question":"tsu","answer":"つ","isRevealed":false,"imagePath":null,"audioPath":null},{"question":"nu","answer":"ぬ","isRevealed":false,"imagePath":null,"audioPath":null},{"question":"fu","answer":"ふ","isRevealed":false,"imagePath":null,"audioPath":null},{"question":"mu","answer":"む","isRevealed":false,"imagePath":null,"audioPath":null},{"question":"ke","answer":"け","isRevealed":false,"imagePath":null,"audioPath":null},{"question":"se","answer":"せ","isRevealed":false,"imagePath":null,"audioPath":null},{"question":"te","answer":"て","isRevealed":false,"imagePath":null,"audioPath":null},{"question":"ne","answer":"ね","isRevealed":false,"imagePath":null,"audioPath":null},{"question":"he","answer":"へ","isRevealed":false,"imagePath":null,"audioPath":null},{"question":"me","answer":"め","isRevealed":false,"imagePath":null,"audioPath":null},{"question":"ko","answer":"こ","isRevealed":false,"imagePath":null,"audioPath":null},{"question":"so","answer":"そ","isRevealed":false,"imagePath":null,"audioPath":null},{"question":"to","answer":"と","isRevealed":false,"imagePath":null,"audioPath":null},{"question":"no","answer":"の","isRevealed":false,"imagePath":null,"audioPath":null},{"question":"ho","answer":"ほ","isRevealed":false,"imagePath":null,"audioPath":null},{"question":"mo","answer":"も","isRevealed":false,"imagePath":null,"audioPath":null},{"question":"kya","answer":"きゃ","isRevealed":false,"imagePath":null,"audioPath":null},{"question":"sha","answer":"しゃ","isRevealed":false,"imagePath":null,"audioPath":null},{"question":"cha","answer":"ちゃ","isRevealed":false,"imagePath":null,"audioPath":null},{"question":"nya","answer":"にゃ","isRevealed":false,"imagePath":null,"audioPath":null},{"question":"hya","answer":"ひゃ","isRevealed":false,"imagePath":null,"audioPath":null},{"question":"mya","answer":"みゃ","isRevealed":false,"imagePath":null,"audioPath":null},{"question":"kyu","answer":"きゅ","isRevealed":false,"imagePath":null,"audioPath":null},{"question":"shu","answer":"しゅ","isRevealed":false,"imagePath":null,"audioPath":null},{"question":"chu","answer":"ちゅ","isRevealed":false,"imagePath":null,"audioPath":null},{"question":"nyu","answer":"にゅ","isRevealed":false,"imagePath":null,"audioPath":null},{"question":"hyu","answer":"ひゅ","isRevealed":false,"imagePath":null,"audioPath":null},{"question":"myu","answer":"みゅ","isRevealed":false,"imagePath":null,"audioPath":null},{"question":"kyo","answer":"きょ","isRevealed":false,"imagePath":null,"audioPath":null},{"question":"sho","answer":"しょ","isRevealed":false,"imagePath":null,"audioPath":null},{"question":"cho","answer":"ちょ","isRevealed":false,"imagePath":null,"audioPath":null},{"question":"nyo","answer":"にょ","isRevealed":false,"imagePath":null,"audioPath":null},{"question":"hyo","answer":"ひょ","isRevealed":false,"imagePath":null,"audioPath":null},{"question":"myo","answer":"みょ","isRevealed":false,"imagePath":null,"audioPath":null},{"question":"ya","answer":"や","isRevealed":false,"imagePath":null,"audioPath":null},{"question":"ra","answer":"ら","isRevealed":false,"imagePath":null,"audioPath":null},{"question":"wa","answer":"わ","isRevealed":false,"imagePath":null,"audioPath":null},{"question":"ri","answer":"り","isRevealed":false,"imagePath":null,"audioPath":null},{"question":"wi","answer":"ゐ","isRevealed":false,"imagePath":null,"audioPath":null},{"question":"yu","answer":"ゆ","isRevealed":false,"imagePath":null,"audioPath":null},{"question":"ru","answer":"る","isRevealed":false,"imagePath":null,"audioPath":null},{"question":"re","answer":"れ","isRevealed":false,"imagePath":null,"audioPath":null},{"question":"we","answer":"ゑ","isRevealed":false,"imagePath":null,"audioPath":null},{"question":"yo","answer":"よ","isRevealed":false,"imagePath":null,"audioPath":null},{"question":"ro","answer":"ろ","isRevealed":false,"imagePath":null,"audioPath":null},{"question":"o/wo","answer":"を","isRevealed":false,"imagePath":null,"audioPath":null},{"question":"n","answer":"ん","isRevealed":false,"imagePath":null,"audioPath":null},{"question":"rya","answer":"りゃ","isRevealed":false,"imagePath":null,"audioPath":null},{"question":"ryu","answer":"りゅ","isRevealed":false,"imagePath":null,"audioPath":null},{"question":"ryo","answer":"りょ","isRevealed":false,"imagePath":null,"audioPath":null}],"knownFlashcards":[],"unknownFlashcards":[]}