{"name":"Alfabeto Cirílico","studyingFlashcards":[{"question":"А","answer":"/a/","isRevealed":false,"imagePath":null,"audioPath":null},{"question":"К","answer":"/k/","isRevealed":false,"imagePath":null,"audioPath":null},{"question":"Х","answer":"/x/","isRevealed":false,"imagePath":null,"audioPath":null},{"question":"Б","answer":"/b/","isRevealed":false,"imagePath":null,"audioPath":null},{"question":"Л","answer":"/l/","isRevealed":false,"imagePath":null,"audioPath":null},{"question":"Ц","answer":"/ʦ/","isRevealed":false,"imagePath":null,"audioPath":null},{"question":"В","answer":"/v/","isRevealed":false,"imagePath":null,"audioPath":null},{"question":"М","answer":"/m/","isRevealed":false,"imagePath":null,"audioPath":null},{"question":"Ч","answer":"/ʧ/","isRevealed":false,"imagePath":null,"audioPath":null},{"question":"Г","answer":"/g/","isRevealed":false,"imagePath":null,"audioPath":null},{"question":"Н","answer":"/n/","isRevealed":false,"imagePath":null,"audioPath":null},{"question":"Ш","answer":"/ʃ/","isRevealed":false,"imagePath":null,"audioPath":null},{"question":"Д","answer":"/d/","isRevealed":false,"imagePath":null,"audioPath":null},{"question":"О","answer":"/o/","isRevealed":false,"imagePath":null,"audioPath":null},{"question":"Щ","answer":"/ʃʧ/","isRevealed":false,"imagePath":null,"audioPath":null},{"question":"Е","answer":"/ʲɛ/","isRevealed":false,"imagePath":null,"audioPath":null},{"question":"П","answer":"/p/","isRevealed":false,"imagePath":null,"audioPath":null},{"question":"Ъ","answer":"/-/","isRevealed":false,"imagePath":null,"audioPath":null},{"question":"Ё","answer":"/ʲo/","isRevealed":false,"imagePath":null,"audioPath":null},{"question":"Р","answer":"/r/","isRevealed":false,"imagePath":null,"audioPath":null},{"question":"Ы","answer":"/ɨ/","isRevealed":false,"imagePath":null,"audioPath":null},{"question":"Ж","answer":"/ʒ/","isRevealed":false,"imagePath":null,"audioPath":null},{"question":"С","answer":"/s/","isRevealed":false,"imagePath":null,"audioPath":null},{"question":"Ь","answer":"/ʲ/","isRevealed":false,"imagePath":null,"audioPath":null},{"question":"З","answer":"/z/","isRevealed":false,"imagePath":null,"audioPath":null},{"question":"Т","answer":"/t/","isRevealed":false,"imagePath":null,"audioPath":null},{"question":"Э","answer":"/e/","isRevealed":false,"imagePath":null,"audioPath":null},{"question":"И","answer":"/i/","isRevealed":false,"imagePath":null,"audioPath":null},{"question":"У","answer":"/u/","isRevealed":false,"imagePath":null,"audioPath":null},{"question":"Ю","answer":"/ʲu/","isRevealed":false,"imagePath":null,"audioPath":null},{"question":"Й","answer":"/j/","isRevealed":false,"imagePath":null,"audioPath":null},{"question":"Ф","answer":"/f/","isRevealed":false,"imagePath":null,"audioPath":null},{"question":"Я","answer":"/ʲa/","isRevealed":false,"imagePath":null,"audioPath":null}],"knownFlashcards":[],"unknownFlashcards":[]}