{"name":"Inglés vocabulario A1","studyingFlashcards":[{"question":"Goodbye","answer":"Adiós","isRevealed":false,"imagePath":null,"audioPath":null},{"question":"Good morning","answer":"Buenos días","isRevealed":false,"imagePath":null,"audioPath":null},{"question":"Good afternoon","answer":"Buenas tardes","isRevealed":false,"imagePath":null,"audioPath":null},{"question":"Good evening","answer":"Buenas noches (al llegar)","isRevealed":false,"imagePath":null,"audioPath":null},{"question":"What's your name?","answer":"¿Cómo te llamas?","isRevealed":false,"imagePath":null,"audioPath":null},{"question":"My name is...","answer":"Me llamo...","isRevealed":false,"imagePath":null,"audioPath":null},{"question":"Nice to meet you","answer":"Encantado/a de conocerte","isRevealed":false,"imagePath":null,"audioPath":null},{"question":"One","answer":"Uno","isRevealed":false,"imagePath":null,"audioPath":null},{"question":"Two","answer":"Dos","isRevealed":false,"imagePath":null,"audioPath":null},{"question":"Three","answer":"Tres","isRevealed":false,"imagePath":null,"audioPath":null},{"question":"Five","answer":"Cinco","isRevealed":false,"imagePath":null,"audioPath":null},{"question":"Six","answer":"Seis","isRevealed":false,"imagePath":null,"audioPath":null},{"question":"Seven","answer":"Siete","isRevealed":false,"imagePath":null,"audioPath":null},{"question":"Eight","answer":"Ocho","isRevealed":false,"imagePath":null,"audioPath":null},{"question":"Nine","answer":"Nueve","isRevealed":false,"imagePath":null,"audioPath":null},{"question":"Ten","answer":"Diez","isRevealed":false,"imagePath":null,"audioPath":null},{"question":"Eleven","answer":"Once","isRevealed":false,"imagePath":null,"audioPath":null},{"question":"Thirteen","answer":"Trece","isRevealed":false,"imagePath":null,"audioPath":null},{"question":"Fourteen","answer":"Catorce","isRevealed":false,"imagePath":null,"audioPath":null},{"question":"Sixteen","answer":"Dieciséis","isRevealed":false,"imagePath":null,"audioPath":null},{"question":"Seventeen","answer":"Diecisiete","isRevealed":false,"imagePath":null,"audioPath":null},{"question":"Eighteen","answer":"Dieciocho","isRevealed":false,"imagePath":null,"audioPath":null},{"question":"Nineteen","answer":"Diecinueve","isRevealed":false,"imagePath":null,"audioPath":null},{"question":"Blue","answer":"Azul","isRevealed":false,"imagePath":null,"audioPath":null},{"question":"Green","answer":"Verde","isRevealed":false,"imagePath":null,"audioPath":null},{"question":"Yellow","answer":"Amarillo","isRevealed":false,"imagePath":null,"audioPath":null},{"question":"Black","answer":"Negro","isRevealed":false,"imagePath":null,"audioPath":null},{"question":"White","answer":"Blanco","isRevealed":false,"imagePath":null,"audioPath":null},{"question":"Orange","answer":"Naranja","isRevealed":false,"imagePath":null,"audioPath":null},{"question":"Pink","answer":"Rosa","isRevealed":false,"imagePath":null,"audioPath":null},{"question":"Family","answer":"Familia","isRevealed":false,"imagePath":null,"audioPath":null},{"question":"Mother","answer":"Madre","isRevealed":false,"imagePath":null,"audioPath":null},{"question":"Parents","answer":"Padres","isRevealed":false,"imagePath":null,"audioPath":null},{"question":"Sister","answer":"Hermana","isRevealed":false,"imagePath":null,"audioPath":null},{"question":"Brother","answer":"Hermano","isRevealed":false,"imagePath":null,"audioPath":null},{"question":"Daughter","answer":"Hija","isRevealed":false,"imagePath":null,"audioPath":null},{"question":"Coffee","answer":"Café","isRevealed":false,"imagePath":null,"audioPath":null},{"question":"Tea","answer":"Té","isRevealed":false,"imagePath":null,"audioPath":null},{"question":"Milk","answer":"Leche","isRevealed":false,"imagePath":null,"audioPath":null},{"question":"Bread","answer":"Pan","isRevealed":false,"imagePath":null,"audioPath":null},{"question":"Cheese","answer":"Queso","isRevealed":false,"imagePath":null,"audioPath":null},{"question":"Apple","answer":"Manzana","isRevealed":false,"imagePath":null,"audioPath":null},{"question":"Banana","answer":"Plátano","isRevealed":false,"imagePath":null,"audioPath":null},{"question":"Orange","answer":"Naranja","isRevealed":false,"imagePath":null,"audioPath":null},{"question":"Rice","answer":"Arroz","isRevealed":false,"imagePath":null,"audioPath":null},{"question":"Chicken","answer":"Pollo","isRevealed":false,"imagePath":null,"audioPath":null},{"question":"Dog","answer":"Perro","isRevealed":false,"imagePath":null,"audioPath":null},{"question":"Cat","answer":"Gato","isRevealed":false,"imagePath":null,"audioPath":null},{"question":"Fish","answer":"Pez (o pescado)","isRevealed":false,"imagePath":null,"audioPath":null},{"question":"Horse","answer":"Caballo","isRevealed":false,"imagePath":null,"audioPath":null},{"question":"City","answer":"Ciudad","isRevealed":false,"imagePath":null,"audioPath":null},{"question":"School","answer":"Escuela","isRevealed":false,"imagePath":null,"audioPath":null},{"question":"Supermarket","answer":"Supermercado","isRevealed":false,"imagePath":null,"audioPath":null},{"question":"Hospital","answer":"Hospital","isRevealed":false,"imagePath":null,"audioPath":null},{"question":"Park","answer":"Parque","isRevealed":false,"imagePath":null,"audioPath":null},{"question":"Restaurant","answer":"Restaurante","isRevealed":false,"imagePath":null,"audioPath":null},{"question":"Good","answer":"Bueno","isRevealed":false,"imagePath":null,"audioPath":null},{"question":"Big","answer":"Grande","isRevealed":false,"imagePath":null,"audioPath":null},{"question":"Small","answer":"Pequeño","isRevealed":false,"imagePath":null,"audioPath":null},{"question":"Hot","answer":"Caliente","isRevealed":false,"imagePath":null,"audioPath":null},{"question":"Sad","answer":"Triste","isRevealed":false,"imagePath":null,"audioPath":null},{"question":"Tall","answer":"Alto","isRevealed":false,"imagePath":null,"audioPath":null},{"question":"Short","answer":"Bajo (de altura)","isRevealed":false,"imagePath":null,"audioPath":null},{"question":"To have","answer":"Tener","isRevealed":false,"imagePath":null,"audioPath":null},{"question":"To do","answer":"Hacer","isRevealed":false,"imagePath":null,"audioPath":null},{"question":"To eat","answer":"Comer","isRevealed":false,"imagePath":null,"audioPath":null},{"question":"To drink","answer":"Beber","isRevealed":false,"imagePath":null,"audioPath":null},{"question":"To speak","answer":"Hablar","isRevealed":false,"imagePath":null,"audioPath":null},{"question":"To live","answer":"Vivir","isRevealed":false,"imagePath":null,"audioPath":null},{"question":"Can","answer":"Poder (habilidad)","isRevealed":false,"imagePath":null,"audioPath":null},{"question":"I want","answer":"Yo quiero","isRevealed":false,"imagePath":null,"audioPath":null},{"question":"I need","answer":"Yo necesito","isRevealed":false,"imagePath":null,"audioPath":null},{"question":"Tuesday","answer":"Martes","isRevealed":false,"imagePath":null,"audioPath":null},{"question":"Wednesday","answer":"Miércoles","isRevealed":false,"imagePath":null,"audioPath":null},{"question":"Thursday","answer":"Jueves","isRevealed":false,"imagePath":null,"audioPath":null},{"question":"Friday","answer":"Viernes","isRevealed":false,"imagePath":null,"audioPath":null},{"question":"Saturday","answer":"Sábado","isRevealed":false,"imagePath":null,"audioPath":null},{"question":"Sunday","answer":"Domingo","isRevealed":false,"imagePath":null,"audioPath":null},{"question":"I","answer":"Yo","isRevealed":false,"imagePath":null,"audioPath":null},{"question":"She","answer":"Ella","isRevealed":false,"imagePath":null,"audioPath":null},{"question":"It","answer":"Ello (para objetos/animales)","isRevealed":false,"imagePath":null,"audioPath":null},{"question":"We","answer":"Nosotros","isRevealed":false,"imagePath":null,"audioPath":null},{"question":"You","answer":"Vosotros / Ustedes","isRevealed":false,"imagePath":null,"audioPath":null},{"question":"Twenty","answer":"Veinte","isRevealed":false,"imagePath":null,"audioPath":null},{"question":"Twelve","answer":"Doce","isRevealed":false,"imagePath":null,"audioPath":null},{"question":"To work","answer":"Trabajar","isRevealed":false,"imagePath":null,"audioPath":null},{"question":"Bird","answer":"Pájaro","isRevealed":false,"imagePath":null,"audioPath":null},{"question":"House","answer":"Casa","isRevealed":false,"imagePath":null,"audioPath":null},{"question":"Happy","answer":"Feliz","isRevealed":false,"imagePath":null,"audioPath":null},{"question":"Son","answer":"Hijo","isRevealed":false,"imagePath":null,"audioPath":null},{"question":"They","answer":"Ellos","isRevealed":false,"imagePath":null,"audioPath":null},{"question":"Monday","answer":"Lunes","isRevealed":false,"imagePath":null,"audioPath":null},{"question":"I'm fine, thank you","answer":"Estoy bien, gracias","isRevealed":false,"imagePath":null,"audioPath":null},{"question":"Fifteen","answer":"Quince","isRevealed":false,"imagePath":null,"audioPath":null},{"question":"He","answer":"Él","isRevealed":false,"imagePath":null,"audioPath":null},{"question":"Water","answer":"Agua","isRevealed":false,"imagePath":null,"audioPath":null},{"question":"Good night","answer":"Buenas noches (al despedirse)","isRevealed":false,"imagePath":null,"audioPath":null},{"question":"To go","answer":"Ir","isRevealed":false,"imagePath":null,"audioPath":null},{"question":"Hello","answer":"Hola","isRevealed":false,"imagePath":null,"audioPath":null},{"question":"Cold","answer":"Frío","isRevealed":false,"imagePath":null,"audioPath":null},{"question":"Four","answer":"Cuatro","isRevealed":false,"imagePath":null,"audioPath":null},{"question":"Egg","answer":"Huevo","isRevealed":false,"imagePath":null,"audioPath":null},{"question":"Father","answer":"Padre","isRevealed":false,"imagePath":null,"audioPath":null},{"question":"Bad","answer":"Malo","isRevealed":false,"imagePath":null,"audioPath":null},{"question":"You","answer":"Tú / Usted","isRevealed":false,"imagePath":null,"audioPath":null},{"question":"To like","answer":"Gustar","isRevealed":false,"imagePath":null,"audioPath":null},{"question":"Red","answer":"Rojo","isRevealed":false,"imagePath":null,"audioPath":null},{"question":"To be","answer":"Ser o Estar","isRevealed":false,"imagePath":null,"audioPath":null},{"question":"How are you?","answer":"¿Cómo estás?","isRevealed":false,"imagePath":null,"audioPath":null}],"knownFlashcards":[],"unknownFlashcards":[]}